fecha,ventana,cluster_id_dia,n_nodos_cluster,volumen_total_cluster_m3,peso_total_cluster_kg,num_rutas_cluster,km_totales_cluster,ruta_id,ruta,num_clientes,volumen_m3,peso_kg,km_ruta,tiempo_viaje_h,tiempo_servicio_h,descanso_h,tiempo_total_h,utilizacion_vol_pct,utilizacion_peso_pct
2026-12-02,AM,1,14,13.228,1900.203,1,66.999,1,"[0, 2100, 777, 1489, 2017, 717, 1795, 2137, 1081, 859, 124, 419, 1064, 439, 470, 0]",14,13.228,1900.203,66.999,3.308,2.333,0.5,6.141,29.4,25.34
2026-12-03,AM,1,18,17.583,2493.972,1,56.835,1,"[0, 217, 215, 1240, 351, 359, 466, 440, 88, 75, 99, 69, 1408, 780, 783, 795, 805, 766, 1960, 0]",18,17.583,2493.972,56.835,2.488,3.0,0.5,5.988,39.07,33.25
2026-12-03,AM,2,18,28.882,4209.619,1,57.744,1,"[0, 665, 2108, 2126, 510, 1479, 988, 2068, 2052, 112, 1491, 860, 744, 2205, 1124, 418, 380, 386, 1257, 0]",18,28.882,4209.619,57.744,2.314,3.0,0.5,5.814,64.18,56.13
2026-12-03,AM,3,18,18.669,2831.125,1,34.571,1,"[0, 1593, 1630, 1661, 536, 1483, 1508, 712, 742, 1112, 302, 297, 296, 828, 546, 1180, 1076, 1052, 569, 0]",18,18.669,2831.125,34.571,1.391,3.0,0.0,4.391,41.49,37.75
2026-12-03,PM,4,18,18.103,2579.202,1,29.345,1,"[0, 1939, 1924, 2177, 2166, 2160, 2158, 1549, 1583, 1744, 1871, 1834, 594, 610, 258, 843, 845, 169, 187, 0]",18,18.103,2579.202,29.345,1.181,3.0,0.0,4.181,40.23,34.39
2026-12-03,PM,5,12,11.092,1617.008,1,19.212,1,"[0, 2191, 1968, 1970, 1991, 1999, 2003, 2009, 1891, 878, 886, 596, 1034, 0]",12,11.092,1617.008,19.212,0.768,2.0,0.0,2.768,24.65,21.56
2026-12-04,AM,2,18,22.508,3255.082,1,48.409,1,"[0, 637, 659, 674, 1318, 2119, 495, 520, 2028, 1493, 148, 113, 102, 984, 980, 1107, 433, 1382, 2255, 0]",18,22.508,3255.082,48.409,2.147,3.0,0.5,5.647,50.02,43.4
2026-12-04,AM,3,18,23.955,3469.237,1,36.071,1,"[0, 491, 1512, 1535, 961, 709, 719, 1326, 194, 1290, 571, 22, 124, 1260, 427, 420, 134, 137, 1058, 0]",18,23.955,3469.237,36.071,1.443,3.0,0.0,4.443,53.23,46.26
2026-12-04,AM,5,18,24.725,3494.16,1,18.385,1,"[0, 642, 1922, 1912, 2139, 1724, 1733, 1738, 1750, 1805, 1847, 1081, 597, 603, 605, 612, 614, 854, 269, 0]",18,24.725,3494.16,18.385,0.736,3.0,0.0,3.736,54.95,46.59
2026-12-04,PM,1,18,16.588,2384.916,1,49.076,1,"[0, 200, 45, 361, 463, 446, 460, 345, 344, 340, 54, 1159, 198, 1468, 1447, 1427, 2106, 812, 772, 0]",18,16.588,2384.916,49.076,2.101,3.0,0.5,5.601,36.86,31.8
2026-12-04,PM,4,18,18.222,2842.042,1,29.284,1,"[0, 1619, 1669, 1670, 2162, 1587, 1574, 1572, 1571, 1544, 1793, 1772, 1697, 536, 304, 257, 172, 173, 191, 0]",18,18.222,2842.042,29.284,1.173,3.0,0.0,4.173,40.49,37.89
2026-12-04,PM,6,12,12.638,1747.75,1,25.973,1,"[0, 648, 1944, 1945, 1994, 2013, 1864, 1880, 1350, 619, 586, 1025, 1055, 0]",12,12.638,1747.75,25.973,1.065,2.0,0.0,3.065,28.08,23.3
2026-12-05,AM,1,18,22.886,3236.233,1,45.162,1,"[0, 1444, 1459, 920, 67, 46, 93, 340, 475, 476, 91, 371, 1168, 363, 1152, 929, 1908, 210, 1844, 0]",18,22.886,3236.233,45.162,1.942,3.0,0.0,4.942,50.86,43.15
2026-12-05,AM,2,18,23.942,3502.905,1,44.531,1,"[0, 2117, 2125, 515, 777, 812, 799, 787, 1331, 745, 744, 751, 1182, 1496, 121, 148, 2234, 2253, 2206, 0]",18,23.942,3502.905,44.531,1.984,3.0,0.0,4.984,53.2,46.71
2026-12-05,AM,4,18,25.714,3408.032,1,34.148,1,"[0, 1599, 1634, 1636, 1656, 1642, 492, 2043, 1507, 1536, 2018, 701, 715, 1097, 546, 541, 25, 137, 1294, 0]",18,25.714,3408.032,34.148,1.366,3.0,0.0,4.366,57.14,45.44
2026-12-05,AM,6,18,24.156,3512.663,1,27.325,1,"[0, 642, 2175, 2077, 1933, 1950, 2076, 1979, 1866, 1877, 1879, 1883, 1817, 1843, 525, 894, 816, 819, 1074, 0]",18,24.156,3512.663,27.325,1.093,3.0,0.0,4.093,53.68,46.84
2026-12-05,PM,3,18,14.617,2023.45,1,38.918,1,"[0, 638, 650, 654, 666, 669, 676, 494, 691, 2037, 2073, 2074, 2024, 2222, 986, 1008, 36, 29, 425, 0]",18,14.617,2023.45,38.918,1.557,3.0,0.0,4.557,32.48,26.98
2026-12-05,PM,5,18,18.049,2548.32,1,25.377,1,"[0, 1641, 2168, 1773, 1780, 1793, 1795, 1799, 1804, 1686, 1705, 1714, 1741, 1747, 1964, 312, 259, 1216, 180, 0]",18,18.049,2548.32,25.377,1.015,3.0,0.0,4.015,40.11,33.98
2026-12-05,PM,7,7,8.136,1115.195,1,13.394,1,"[0, 224, 243, 948, 882, 607, 615, 623, 0]",7,8.136,1115.195,13.394,0.536,1.167,0.0,1.702,18.08,14.87
2026-12-06,AM,1,18,16.039,2362.935,1,31.136,1,"[0, 1426, 1435, 1449, 1463, 917, 858, 65, 62, 69, 71, 355, 453, 448, 1406, 1245, 346, 343, 1148, 0]",18,16.039,2362.935,31.136,1.282,3.0,0.0,4.282,35.64,31.51
2026-12-06,AM,2,18,18.871,2771.783,1,52.749,1,"[0, 1336, 774, 808, 798, 749, 793, 1182, 2195, 2246, 2242, 2241, 153, 119, 507, 1313, 684, 649, 943, 0]",18,18.871,2771.783,52.749,2.137,3.0,0.5,5.637,41.94,36.96
2026-12-06,AM,3,18,20.509,2995.7,1,43.007,1,"[0, 1596, 1594, 519, 531, 691, 695, 2039, 2049, 2059, 2071, 840, 111, 996, 1178, 1014, 1130, 1265, 1118, 0]",18,20.509,2995.7,43.007,1.72,3.0,0.0,4.72,45.58,39.94
2026-12-06,AM,5,18,20.987,2983.689,1,28.158,1,"[0, 2135, 2140, 1583, 1561, 1799, 1775, 1703, 1695, 1721, 1722, 616, 625, 626, 257, 263, 175, 1063, 189, 0]",18,20.987,2983.689,28.158,1.128,3.0,0.0,4.128,46.64,39.78
2026-12-06,PM,4,18,17.78,2735.33,1,25.71,1,"[0, 1644, 1597, 1623, 1655, 1661, 1417, 1554, 1537, 700, 709, 717, 738, 1321, 1328, 1236, 549, 7, 170, 0]",18,17.78,2735.33,25.71,1.028,3.0,0.0,4.028,39.51,36.47
2026-12-06,PM,6,18,21.15,3094.913,1,14.452,1,"[0, 648, 639, 2150, 2146, 1936, 1905, 1959, 1989, 2011, 1981, 1854, 1863, 1878, 1829, 1830, 1835, 1129, 609, 0]",18,21.15,3094.913,14.452,0.579,3.0,0.0,3.579,47.0,41.27
2026-12-06,PM,7,5,4.621,683.584,1,18.836,1,"[0, 235, 245, 872, 1355, 1026, 0]",5,4.621,683.584,18.836,0.753,0.833,0.0,1.587,10.27,9.11
2026-12-07,AM,1,18,20.79,3034.582,1,33.626,1,"[0, 1037, 1193, 329, 76, 85, 87, 351, 363, 366, 368, 467, 441, 443, 466, 469, 471, 377, 379, 0]",18,20.79,3034.582,33.626,1.345,3.0,0.0,4.345,46.2,40.46
2026-12-07,AM,2,18,27.018,3712.685,1,64.34,1,"[0, 640, 678, 2120, 2129, 1430, 1437, 1457, 205, 930, 944, 1168, 1144, 107, 2, 1501, 782, 804, 746, 0]",18,27.018,3712.685,64.34,2.67,3.0,0.5,6.17,60.04,49.5
2026-12-07,AM,3,18,29.621,4451.258,1,38.922,1,"[0, 2089, 1761, 1765, 498, 535, 691, 2030, 2031, 970, 2221, 976, 2233, 2196, 998, 1002, 1001, 422, 426, 0]",18,29.621,4451.258,38.922,1.557,3.0,0.0,4.557,65.82,59.35
2026-12-07,AM,5,18,24.672,3490.811,1,29.689,1,"[0, 2142, 1754, 1567, 1572, 1804, 1085, 303, 599, 608, 616, 621, 625, 1305, 260, 266, 176, 181, 1218, 0]",18,24.672,3490.811,29.689,1.188,3.0,0.0,4.188,54.83,46.54
2026-12-07,PM,4,18,24.611,3319.486,1,29.68,1,"[0, 2083, 1599, 1628, 1673, 1677, 1685, 1417, 2159, 1535, 697, 709, 1084, 1087, 1095, 559, 408, 126, 407, 0]",18,24.611,3319.486,29.68,1.187,3.0,0.0,4.187,54.69,44.26
2026-12-07,PM,6,18,17.864,2802.088,1,26.706,1,"[0, 2150, 2188, 1917, 1922, 1989, 1992, 1987, 1857, 1888, 1893, 1896, 1831, 1834, 588, 850, 278, 1066, 1071, 0]",18,17.864,2802.088,26.706,1.068,3.0,0.0,4.068,39.7,37.36
2026-12-07,PM,7,5,5.07,734.959,1,15.158,1,"[0, 648, 239, 2004, 911, 813, 0]",5,5.07,734.959,15.158,0.606,0.833,0.0,1.44,11.27,9.8
2026-12-08,AM,1,18,19.813,3027.867,1,31.831,1,"[0, 1426, 958, 1024, 49, 322, 316, 331, 74, 101, 82, 474, 476, 479, 449, 446, 464, 1174, 1161, 0]",18,19.813,3027.867,31.831,1.275,3.0,0.0,4.275,44.03,40.37
2026-12-08,AM,3,18,17.133,2618.052,1,36.773,1,"[0, 534, 2029, 2046, 2054, 2057, 2071, 1494, 968, 969, 2199, 983, 11, 32, 406, 387, 390, 418, 431, 0]",18,17.133,2618.052,36.773,1.471,3.0,0.0,4.471,38.07,34.91
2026-12-08,AM,4,18,23.405,3263.514,1,32.759,1,"[0, 1607, 1631, 1671, 1678, 1680, 1684, 1285, 1529, 706, 722, 1325, 1086, 1092, 573, 1255, 126, 131, 1058, 0]",18,23.405,3263.514,32.759,1.347,3.0,0.0,4.347,52.01,43.51
2026-12-08,AM,5,18,18.117,2776.18,1,29.415,1,"[0, 2159, 2025, 527, 537, 489, 1546, 1787, 1794, 1696, 1708, 1727, 1735, 1399, 299, 255, 166, 176, 190, 0]",18,18.117,2776.18,29.415,1.177,3.0,0.0,4.177,40.26,37.02
2026-12-08,PM,2,18,15.397,2549.179,1,46.805,1,"[0, 1433, 1435, 1459, 920, 1315, 678, 2107, 1610, 1612, 513, 508, 1281, 112, 1210, 2237, 2240, 2243, 792, 0]",18,15.397,2549.179,46.805,1.971,3.0,0.0,4.971,34.22,33.99
2026-12-08,PM,6,18,17.399,2751.329,1,26.306,1,"[0, 2157, 2169, 2181, 1903, 1911, 1832, 1811, 1815, 1817, 1821, 1834, 1847, 843, 272, 282, 284, 1069, 1070, 0]",18,17.399,2751.329,26.306,1.052,3.0,0.0,4.052,38.66,36.68
2026-12-08,PM,7,18,18.044,2710.265,1,25.072,1,"[0, 1925, 1927, 1928, 1930, 1953, 1967, 1972, 1983, 1985, 1994, 949, 1870, 2097, 880, 881, 584, 585, 1060, 0]",18,18.044,2710.265,25.072,1.003,3.0,0.0,4.003,40.1,36.14
2026-12-08,PM,8,9,8.094,1222.169,1,20.282,1,"[0, 202, 231, 235, 238, 249, 1357, 1358, 1386, 1044, 0]",9,8.094,1222.169,20.282,0.811,1.5,0.0,2.311,17.99,16.3
2026-12-09,AM,2,18,21.409,2901.212,1,53.228,1,"[0, 682, 688, 2127, 2116, 2101, 1606, 1521, 1518, 800, 804, 771, 2242, 1012, 996, 2238, 107, 2093, 219, 0]",18,21.409,2901.212,53.228,2.347,3.0,0.5,5.847,47.58,38.68
2026-12-09,AM,3,18,20.225,2745.812,1,42.75,1,"[0, 2080, 1531, 723, 711, 705, 1478, 2040, 966, 1126, 1102, 563, 573, 396, 398, 402, 1018, 1105, 978, 0]",18,20.225,2745.812,42.75,1.717,3.0,0.0,4.717,44.94,36.61
2026-12-09,AM,4,18,20.898,3141.593,1,25.085,1,"[0, 645, 1632, 1657, 1665, 1682, 2155, 1553, 1800, 1804, 1687, 1577, 1517, 1539, 727, 734, 1080, 550, 1180, 0]",18,20.898,3141.593,25.085,1.003,3.0,0.0,4.003,46.44,41.89
2026-12-09,PM,1,18,10.892,1788.203,1,32.03,1,"[0, 1454, 1455, 1465, 1474, 1401, 1201, 333, 347, 353, 1409, 1172, 1413, 445, 485, 369, 367, 366, 1196, 0]",18,10.892,1788.203,32.03,1.355,3.0,0.0,4.355,24.21,23.84
2026-12-09,PM,5,18,20.073,3197.701,1,19.067,1,"[0, 2139, 2156, 2169, 2193, 2194, 1637, 1692, 1731, 1732, 1742, 1745, 1842, 590, 593, 597, 819, 846, 273, 0]",18,20.073,3197.701,19.067,0.764,3.0,0.0,3.764,44.61,42.64
2026-12-09,PM,6,15,17.679,2384.45,1,14.596,1,"[0, 1933, 1945, 238, 960, 1369, 2004, 2010, 2012, 1856, 1815, 1836, 901, 902, 855, 619, 0]",15,17.679,2384.45,14.596,0.584,2.5,0.0,3.084,39.29,31.79
2026-12-10,AM,1,18,16.479,2398.137,1,37.565,1,"[0, 1421, 1444, 1458, 247, 201, 1364, 1132, 1191, 47, 1200, 68, 69, 328, 1156, 1171, 373, 466, 378, 0]",18,16.479,2398.137,37.565,1.583,3.0,0.0,4.583,36.62,31.98
2026-12-10,AM,3,18,20.202,2992.144,1,35.023,1,"[0, 682, 2093, 1760, 520, 528, 1481, 2048, 2065, 2210, 2231, 979, 981, 984, 149, 1117, 1119, 1008, 1013, 0]",18,20.202,2992.144,35.023,1.411,3.0,0.0,4.411,44.89,39.9
2026-12-10,AM,4,18,19.204,3094.507,1,37.356,1,"[0, 2086, 1593, 1590, 492, 691, 693, 698, 988, 1099, 540, 544, 563, 569, 560, 21, 388, 1057, 424, 0]",18,19.204,3094.507,37.356,1.494,3.0,0.0,4.494,42.68,41.26
2026-12-10,AM,6,18,22.928,3382.393,1,27.249,1,"[0, 2133, 2193, 1577, 1572, 1792, 1783, 1708, 1710, 1738, 1749, 300, 258, 1230, 264, 276, 164, 6, 183, 0]",18,22.928,3382.393,27.249,1.092,3.0,0.0,4.092,50.95,45.1
2026-12-10,PM,2,18,18.135,2641.057,1,47.963,1,"[0, 2098, 1605, 1777, 2100, 1283, 812, 761, 1506, 2, 154, 2131, 2126, 2108, 650, 641, 635, 211, 1187, 0]",18,18.135,2641.057,47.963,2.15,3.0,0.5,5.65,40.3,35.21
2026-12-10,PM,5,18,17.923,2584.245,1,33.134,1,"[0, 1601, 1633, 1658, 1662, 1663, 1666, 1681, 530, 1504, 1528, 733, 735, 739, 162, 832, 9, 1207, 1208, 0]",18,17.923,2584.245,33.134,1.325,3.0,0.0,4.325,39.83,34.46
2026-12-10,PM,7,18,17.049,2467.715,1,25.597,1,"[0, 1922, 1924, 1949, 1961, 1975, 1978, 2007, 1865, 1874, 1890, 1812, 1822, 1834, 1836, 1853, 854, 290, 1068, 0]",18,17.049,2467.715,25.597,1.024,3.0,0.0,4.024,37.89,32.9
2026-12-10,PM,8,10,16.717,2253.179,1,19.498,1,"[0, 233, 948, 949, 2014, 874, 897, 906, 607, 1023, 1028, 0]",10,16.717,2253.179,19.498,0.78,1.667,0.0,2.447,37.15,30.04
2026-12-11,AM,2,18,27.296,4031.721,1,62.286,1,"[0, 215, 945, 921, 1468, 662, 672, 2109, 526, 520, 504, 117, 2223, 1494, 990, 39, 1897, 1013, 791, 0]",18,27.296,4031.721,62.286,2.649,3.0,0.5,6.149,60.66,53.76
2026-12-11,AM,3,18,25.517,3393.612,1,45.328,1,"[0, 2086, 2022, 2029, 2041, 2061, 2066, 2071, 1098, 839, 1109, 111, 12, 25, 126, 1260, 393, 420, 1258, 0]",18,25.517,3393.612,45.328,1.918,3.0,0.0,4.918,56.71,45.25
2026-12-11,AM,4,18,23.479,3221.48,1,23.685,1,"[0, 1615, 1657, 1676, 1797, 1785, 1771, 1568, 1558, 1550, 1515, 1523, 1533, 1540, 706, 731, 732, 159, 7, 0]",18,23.479,3221.48,23.685,0.949,3.0,0.0,3.949,52.17,42.95
2026-12-11,PM,1,18,18.35,2640.09,1,31.471,1,"[0, 1419, 1436, 1467, 865, 64, 67, 1189, 326, 1238, 352, 1146, 339, 343, 341, 350, 476, 452, 372, 0]",18,18.35,2640.09,31.471,1.265,3.0,0.0,4.265,40.78,35.2
2026-12-11,PM,5,18,21.078,3033.383,1,21.739,1,"[0, 1905, 1916, 1849, 1687, 1693, 1695, 1706, 1716, 1722, 514, 1810, 1814, 1853, 591, 595, 600, 608, 285, 0]",18,21.078,3033.383,21.739,0.87,3.0,0.0,3.87,46.84,40.45
2026-12-11,PM,6,9,13.288,1797.503,1,20.611,1,"[0, 1922, 1947, 1976, 2008, 1866, 1881, 890, 1035, 1046, 0]",9,13.288,1797.503,20.611,0.824,1.5,0.0,2.324,29.53,23.97
2026-12-12,AM,1,18,17.363,2631.176,1,32.261,1,"[0, 1443, 1458, 1362, 321, 320, 1192, 65, 77, 328, 335, 340, 1243, 1155, 354, 1252, 445, 479, 78, 0]",18,17.363,2631.176,32.261,1.359,3.0,0.0,4.359,38.58,35.08
2026-12-12,AM,3,18,20.922,2889.038,1,37.353,1,"[0, 647, 681, 685, 1314, 2129, 2218, 968, 155, 152, 1214, 1203, 104, 2231, 2236, 19, 2205, 2254, 1000, 0]",18,20.922,2889.038,37.353,1.539,3.0,0.0,4.539,46.49,38.52
2026-12-12,AM,4,18,23.523,3754.772,1,40.17,1,"[0, 1592, 1756, 692, 711, 2049, 2070, 103, 1109, 569, 571, 1298, 123, 387, 402, 115, 133, 1056, 434, 0]",18,23.523,3754.772,40.17,1.613,3.0,0.0,4.613,52.27,50.06
2026-12-12,AM,6,18,23.929,3480.481,1,23.123,1,"[0, 2147, 2148, 1941, 1586, 1580, 1555, 1768, 1710, 1738, 1282, 1108, 297, 307, 292, 604, 631, 270, 1220, 0]",18,23.929,3480.481,23.123,0.928,3.0,0.0,3.928,53.18,46.41
2026-12-12,PM,2,18,13.716,1971.23,1,43.558,1,"[0, 214, 930, 927, 925, 1471, 2103, 2114, 510, 512, 1614, 802, 763, 755, 753, 752, 1490, 1510, 1181, 0]",18,13.716,1971.23,43.558,1.987,3.0,0.0,4.987,30.48,26.28
2026-12-12,PM,5,18,12.022,1825.697,1,20.144,1,"[0, 644, 1597, 1635, 1668, 1683, 1417, 523, 1534, 1483, 1497, 1498, 724, 736, 741, 1319, 159, 160, 1290, 0]",18,12.022,1825.697,20.144,0.806,3.0,0.0,3.806,26.72,24.34
2026-12-12,PM,7,18,15.523,2326.989,1,21.584,1,"[0, 2181, 2184, 1915, 1916, 1921, 1923, 1946, 1957, 1849, 1990, 1884, 1879, 1829, 1847, 1081, 1349, 280, 285, 0]",18,15.523,2326.989,21.584,0.87,3.0,0.0,3.87,34.49,31.03
2026-12-12,PM,8,6,5.482,713.164,1,20.648,1,"[0, 1959, 932, 956, 816, 1032, 1041, 0]",6,5.482,713.164,20.648,0.826,1.0,0.0,1.826,12.18,9.51
2026-12-13,AM,1,18,17.862,2593.331,1,34.005,1,"[0, 937, 915, 1137, 865, 1042, 325, 324, 337, 1144, 1246, 1155, 1170, 1412, 1175, 471, 356, 477, 71, 0]",18,17.862,2593.331,34.005,1.405,3.0,0.0,4.405,39.69,34.58
2026-12-13,AM,3,18,21.708,3053.667,1,33.156,1,"[0, 651, 658, 662, 670, 1308, 2095, 147, 152, 114, 110, 2200, 978, 985, 1004, 967, 37, 2244, 2248, 0]",18,21.708,3053.667,33.156,1.368,3.0,0.0,4.368,48.24,40.72
2026-12-13,AM,4,18,17.582,2625.155,1,38.521,1,"[0, 531, 493, 2041, 2067, 963, 2220, 1493, 572, 559, 560, 105, 22, 11, 35, 416, 415, 422, 434, 0]",18,17.582,2625.155,38.521,1.541,3.0,0.0,4.541,39.07,35.0
2026-12-13,AM,5,18,27.381,3849.739,1,35.182,1,"[0, 1624, 1659, 1664, 1677, 2138, 532, 1528, 961, 695, 696, 704, 743, 837, 1292, 575, 580, 7, 141, 0]",18,27.381,3849.739,35.182,1.407,3.0,0.0,4.407,60.85,51.33
2026-12-13,AM,7,18,20.419,3393.606,1,20.727,1,"[0, 2139, 2142, 2152, 2175, 2184, 2077, 1905, 1910, 1921, 1971, 1832, 1826, 1841, 1847, 1848, 818, 841, 281, 0]",18,20.419,3393.606,20.727,0.829,3.0,0.0,3.829,45.38,45.25
2026-12-13,PM,2,18,18.54,2986.231,1,42.537,1,"[0, 943, 926, 1469, 1442, 1427, 1422, 2103, 2112, 2123, 2131, 1604, 1521, 785, 766, 763, 749, 1332, 751, 0]",18,18.54,2986.231,42.537,1.824,3.0,0.0,4.824,41.2,39.82
2026-12-13,PM,6,18,18.14,2556.081,1,20.537,1,"[0, 2081, 1589, 1801, 1693, 1702, 1723, 1730, 1736, 1752, 1120, 298, 598, 622, 626, 629, 1343, 267, 164, 0]",18,18.14,2556.081,20.537,0.821,3.0,0.0,3.821,40.31,34.08
2026-12-13,PM,8,18,16.51,2478.549,1,25.805,1,"[0, 1932, 1945, 1974, 1982, 1994, 1995, 2002, 2005, 959, 1372, 1856, 1879, 1886, 1894, 880, 882, 1050, 1062, 0]",18,16.51,2478.549,25.805,1.032,3.0,0.0,4.032,36.69,33.05
2026-12-13,PM,9,3,8.153,947.52,1,18.724,1,"[0, 248, 889, 1022, 0]",3,8.153,947.52,18.724,0.749,0.5,0.0,1.249,18.12,12.63
2026-12-14,AM,1,18,16.052,2659.158,1,32.975,1,"[0, 859, 861, 1407, 1385, 1042, 1075, 56, 60, 76, 80, 82, 90, 353, 356, 357, 483, 438, 470, 0]",18,16.052,2659.158,32.975,1.348,3.0,0.0,4.348,35.67,35.46
2026-12-14,AM,2,18,21.386,2936.012,1,52.471,1,"[0, 1908, 215, 220, 941, 1154, 366, 365, 358, 1469, 1438, 2111, 510, 777, 776, 1, 795, 803, 758, 0]",18,21.386,2936.012,52.471,2.322,3.0,0.5,5.822,47.52,39.15
2026-12-14,AM,3,18,23.522,3477.027,1,42.88,1,"[0, 641, 652, 677, 496, 495, 517, 529, 691, 2032, 2053, 2056, 113, 2214, 2240, 2251, 1007, 11, 1130, 0]",18,23.522,3477.027,42.88,1.715,3.0,0.0,4.715,52.27,46.36
2026-12-14,AM,4,18,24.388,3257.718,1,32.717,1,"[0, 1475, 689, 702, 727, 728, 729, 1087, 1096, 554, 555, 1295, 558, 44, 413, 390, 397, 418, 1052, 0]",18,24.388,3257.718,32.717,1.309,3.0,0.0,4.309,54.2,43.44
2026-12-14,PM,5,18,19.759,2692.279,1,31.276,1,"[0, 1599, 1601, 1602, 1656, 1661, 1676, 1542, 1563, 1782, 1079, 305, 279, 295, 158, 168, 170, 174, 565, 0]",18,19.759,2692.279,31.276,1.251,3.0,0.0,4.251,43.91,35.9
2026-12-14,PM,6,18,19.686,2787.637,1,19.106,1,"[0, 2137, 2141, 2190, 1564, 1786, 1795, 1796, 1802, 1700, 1704, 1746, 1827, 601, 608, 617, 847, 261, 272, 0]",18,19.686,2787.637,19.106,0.764,3.0,0.0,3.764,43.75,37.17
2026-12-14,PM,7,18,20.859,3097.282,1,25.919,1,"[0, 1924, 1986, 1998, 2002, 2005, 1366, 1857, 1883, 1835, 1846, 1848, 1853, 892, 873, 903, 619, 1061, 1064, 0]",18,20.859,3097.282,25.919,1.037,3.0,0.0,4.037,46.35,41.3
2026-12-14,PM,8,2,2.15,386.337,1,14.32,1,"[0, 244, 838, 0]",2,2.15,386.337,14.32,0.573,0.333,0.0,0.906,4.78,5.15
2026-12-15,AM,1,18,25.201,3478.204,1,33.534,1,"[0, 1134, 865, 1024, 57, 52, 98, 1194, 343, 1145, 1153, 1154, 348, 356, 359, 365, 371, 450, 458, 0]",18,25.201,3478.204,33.534,1.35,3.0,0.0,4.35,56.0,46.38
2026-12-15,AM,3,18,23.982,3324.758,1,36.2,1,"[0, 672, 678, 682, 2090, 534, 2044, 2069, 969, 974, 1375, 977, 2228, 2214, 987, 1008, 2250, 2227, 156, 0]",18,23.982,3324.758,36.2,1.449,3.0,0.0,4.449,53.29,44.33
2026-12-15,AM,4,18,22.367,3233.309,1,35.92,1,"[0, 1757, 491, 1476, 1478, 1480, 2072, 1016, 712, 716, 719, 727, 1086, 1091, 1093, 538, 124, 383, 425, 0]",18,22.367,3233.309,35.92,1.437,3.0,0.0,4.437,49.71,43.11
2026-12-15,AM,6,18,24.414,3519.664,1,19.179,1,"[0, 2134, 2174, 2187, 1918, 1990, 1842, 1825, 1827, 1834, 1837, 1838, 1843, 590, 600, 602, 843, 850, 273, 0]",18,24.414,3519.664,19.179,0.767,3.0,0.0,3.767,54.25,46.93
2026-12-15,PM,2,18,19.675,2875.804,1,56.861,1,"[0, 210, 945, 1411, 1161, 927, 203, 1449, 1441, 1426, 1421, 2118, 2121, 1613, 513, 1499, 1489, 757, 806, 0]",18,19.675,2875.804,56.861,2.489,3.0,0.5,5.989,43.72,38.34
2026-12-15,PM,5,18,21.339,3094.31,1,30.918,1,"[0, 1600, 1621, 1629, 1634, 1661, 1662, 2138, 1753, 1550, 1557, 1570, 1788, 1698, 1713, 1740, 1743, 825, 138, 0]",18,21.339,3094.31,30.918,1.237,3.0,0.0,4.237,47.42,41.26
2026-12-15,PM,7,18,20.204,2802.275,1,22.851,1,"[0, 1920, 1933, 1956, 244, 250, 252, 931, 1973, 1863, 1869, 1895, 870, 891, 615, 623, 584, 587, 1049, 0]",18,20.204,2802.275,22.851,0.914,3.0,0.0,3.914,44.9,37.36
2026-12-15,PM,8,1,3.713,501.092,1,12.4,1,"[0, 856, 0]",1,3.713,501.092,12.4,0.496,0.167,0.0,0.663,8.25,6.68
2026-12-16,AM,1,18,22.356,3010.772,1,34.269,1,"[0, 863, 1342, 1075, 66, 48, 325, 315, 319, 101, 344, 1244, 353, 85, 480, 452, 460, 444, 462, 0]",18,22.356,3010.772,34.269,1.45,3.0,0.0,4.45,49.68,40.14
2026-12-16,AM,2,18,27.224,3575.599,1,40.693,1,"[0, 1416, 1426, 1429, 1439, 1458, 204, 209, 1908, 222, 945, 928, 1403, 1155, 1165, 360, 366, 372, 469, 0]",18,27.224,3575.599,40.693,1.641,3.0,0.0,4.641,60.5,47.67
2026-12-16,AM,4,18,19.558,2856.019,1,44.099,1,"[0, 2090, 1596, 1648, 498, 2033, 2048, 2055, 2063, 2197, 2230, 980, 1099, 31, 411, 421, 433, 1125, 1017, 0]",18,19.558,2856.019,44.099,1.797,3.0,0.0,4.797,43.46,38.08
2026-12-16,AM,5,18,18.776,2603.513,1,32.801,1,"[0, 1593, 692, 698, 699, 707, 1400, 1089, 551, 552, 542, 567, 1296, 43, 124, 399, 1056, 1057, 1394, 0]",18,18.776,2603.513,32.801,1.312,3.0,0.0,4.312,41.72,34.71
2026-12-16,AM,6,18,21.887,3469.811,1,32.381,1,"[0, 1656, 1589, 1759, 1417, 1552, 1569, 1794, 489, 530, 1280, 1512, 734, 738, 301, 829, 165, 167, 1059, 0]",18,21.887,3469.811,32.381,1.295,3.0,0.0,4.295,48.64,46.26
2026-12-16,PM,3,18,15.389,2402.057,1,43.06,1,"[0, 655, 656, 657, 664, 2085, 2111, 2121, 511, 1613, 1339, 774, 784, 764, 790, 1499, 152, 108, 2207, 0]",18,15.389,2402.057,43.06,1.722,3.0,0.0,4.722,34.2,32.03
2026-12-16,PM,7,18,13.867,2145.71,1,29.728,1,"[0, 2180, 2144, 2187, 1709, 1746, 1807, 1852, 1853, 594, 610, 618, 627, 628, 261, 270, 276, 1067, 191, 0]",18,13.867,2145.71,29.728,1.189,3.0,0.0,4.189,30.82,28.61
2026-12-16,PM,8,18,23.412,3184.407,1,12.165,1,"[0, 2191, 1952, 1925, 1954, 1955, 1966, 1988, 948, 950, 952, 954, 1856, 1878, 1888, 873, 896, 903, 907, 0]",18,23.412,3184.407,12.165,0.487,3.0,0.0,3.487,52.03,42.46
2026-12-16,PM,9,8,6.711,1307.679,1,21.404,1,"[0, 207, 202, 1021, 1025, 1031, 1033, 1039, 1049, 0]",8,6.711,1307.679,21.404,0.856,1.333,0.0,2.189,14.91,17.44
2026-12-17,AM,1,18,21.087,3040.577,1,31.963,1,"[0, 247, 939, 958, 1131, 67, 97, 317, 319, 352, 82, 1196, 460, 467, 1268, 453, 465, 466, 1253, 0]",18,21.087,3040.577,31.963,1.287,3.0,0.0,4.287,46.86,40.54
2026-12-17,AM,4,18,18.934,2801.496,1,43.654,1,"[0, 516, 524, 2035, 2053, 2061, 1485, 966, 2228, 102, 2236, 982, 987, 993, 41, 1012, 1003, 39, 432, 0]",18,18.934,2801.496,43.654,1.775,3.0,0.0,4.775,42.08,37.35
2026-12-17,AM,5,18,19.471,2974.078,1,36.873,1,"[0, 961, 696, 701, 702, 704, 730, 1478, 1482, 1096, 1103, 1104, 577, 28, 1254, 417, 130, 1053, 392, 0]",18,19.471,2974.078,36.873,1.478,3.0,0.0,4.478,43.27,39.65
2026-12-17,AM,6,18,21.754,3440.171,1,34.707,1,"[0, 2084, 1602, 1671, 1672, 1641, 1483, 1533, 740, 703, 1236, 309, 1077, 1078, 1219, 1291, 1179, 174, 141, 0]",18,21.754,3440.171,34.707,1.393,3.0,0.0,4.393,48.34,45.87
2026-12-17,AM,9,18,22.307,3140.662,1,12.575,1,"[0, 1916, 1939, 1948, 237, 1227, 947, 1973, 2099, 1856, 1861, 1876, 1882, 1889, 1845, 1848, 900, 901, 899, 0]",18,22.307,3140.662,12.575,0.503,3.0,0.0,3.503,49.57,41.88
2026-12-17,PM,2,18,17.48,2743.126,1,51.161,1,"[0, 1416, 1449, 1457, 1469, 200, 199, 1143, 1404, 1146, 1410, 941, 936, 212, 1612, 797, 809, 761, 748, 0]",18,17.48,2743.126,51.161,2.132,3.0,0.5,5.632,38.84,36.58
2026-12-17,PM,3,18,19.597,3007.54,1,29.049,1,"[0, 633, 649, 657, 684, 1317, 2109, 2116, 2122, 144, 145, 151, 114, 113, 2212, 2246, 2201, 1513, 1518, 0]",18,19.597,3007.54,29.049,1.187,3.0,0.0,4.187,43.55,40.1
2026-12-17,PM,7,18,19.927,2897.717,1,16.736,1,"[0, 1548, 1559, 1543, 1799, 1789, 1780, 1774, 1770, 1691, 1692, 1700, 1714, 1724, 1741, 1749, 1108, 255, 1231, 0]",18,19.927,2897.717,16.736,0.67,3.0,0.0,3.67,44.28,38.64
2026-12-17,PM,8,18,14.554,2176.924,1,26.556,1,"[0, 2079, 2134, 2157, 2160, 2167, 2168, 2189, 1884, 1807, 1825, 845, 820, 262, 267, 275, 280, 1070, 1073, 0]",18,14.554,2176.924,26.556,1.062,3.0,0.0,4.062,32.34,29.03
2026-12-18,AM,4,18,23.855,3393.012,1,35.135,1,"[0, 638, 2091, 1765, 526, 528, 2216, 1495, 1374, 112, 106, 2213, 2233, 991, 1378, 1380, 967, 1011, 1017, 0]",18,23.855,3393.012,35.135,1.486,3.0,0.0,4.486,53.01,45.24
2026-12-18,AM,6,18,22.921,3507.188,1,31.596,1,"[0, 1628, 490, 2025, 1483, 1508, 1527, 710, 548, 840, 556, 538, 570, 557, 24, 127, 132, 115, 1206, 0]",18,22.921,3507.188,31.596,1.264,3.0,0.0,4.264,50.94,46.76
2026-12-18,AM,7,18,24.498,3562.402,1,32.486,1,"[0, 1417, 2143, 1753, 1639, 1792, 1790, 1688, 1549, 1587, 2159, 530, 253, 825, 173, 179, 1393, 1076, 192, 0]",18,24.498,3562.402,32.486,1.313,3.0,0.0,4.313,54.44,47.5
2026-12-18,AM,8,18,24.592,3287.326,1,18.535,1,"[0, 2149, 2157, 2183, 2193, 1694, 1701, 1722, 1728, 1743, 593, 621, 622, 624, 1304, 262, 266, 267, 275, 0]",18,24.592,3287.326,18.535,0.741,3.0,0.0,3.741,54.65,43.83
2026-12-18,AM,9,18,30.3,4220.165,1,11.212,1,"[0, 2172, 1914, 1953, 1564, 1965, 1979, 1986, 1996, 1998, 2010, 2105, 1859, 1860, 1882, 1809, 1828, 1127, 879, 0]",18,30.3,4220.165,11.212,0.448,3.0,0.0,3.448,67.33,56.27
2026-12-18,PM,1,18,16.737,2598.724,1,33.948,1,"[0, 213, 937, 914, 1169, 1141, 52, 51, 352, 1242, 474, 87, 1198, 481, 359, 366, 437, 452, 448, 0]",18,16.737,2598.724,33.948,1.372,3.0,0.0,4.372,37.19,34.65
2026-12-18,PM,10,15,17.18,2512.616,1,21.911,1,"[0, 206, 202, 229, 906, 1354, 615, 838, 852, 813, 815, 1028, 1033, 1389, 1038, 1046, 0]",15,17.18,2512.616,21.911,0.887,2.5,0.0,3.387,38.18,33.5
2026-12-18,PM,2,18,15.459,2345.897,1,57.562,1,"[0, 1456, 1445, 1432, 1425, 1418, 201, 374, 1161, 923, 210, 212, 222, 1185, 1611, 789, 805, 767, 768, 0]",18,15.459,2345.897,57.562,2.462,3.0,0.5,5.962,34.35,31.28
2026-12-18,PM,3,18,15.557,2481.086,1,42.999,1,"[0, 2101, 2122, 2130, 2096, 2098, 515, 521, 1440, 1205, 119, 1506, 1503, 764, 762, 753, 749, 2208, 2206, 0]",18,15.557,2481.086,42.999,1.733,3.0,0.0,4.733,34.57,33.08
2026-12-18,PM,5,18,13.805,2048.719,1,35.158,1,"[0, 2080, 1479, 2038, 2054, 2057, 2060, 2071, 2027, 969, 971, 972, 1096, 1101, 149, 408, 391, 402, 394, 0]",18,13.805,2048.719,35.158,1.406,3.0,0.0,4.406,30.68,27.32
2026-12-19,AM,1,18,29.423,4005.351,1,32.336,1,"[0, 917, 1140, 1137, 1134, 1352, 61, 66, 315, 1241, 1144, 333, 344, 1160, 1162, 1170, 461, 1276, 473, 0]",18,29.423,4005.351,32.336,1.315,3.0,0.0,4.315,65.38,53.4
2026-12-19,AM,2,18,21.311,3190.808,1,52.051,1,"[0, 1183, 216, 1472, 1465, 1457, 1426, 1424, 1422, 651, 640, 505, 2100, 782, 1333, 800, 758, 744, 2234, 0]",18,21.311,3190.808,52.051,2.174,3.0,0.5,5.674,47.36,42.54
2026-12-19,AM,4,18,20.353,2768.703,1,31.177,1,"[0, 1646, 2062, 690, 1477, 701, 715, 726, 1397, 1345, 544, 570, 571, 576, 410, 1261, 126, 134, 381, 0]",18,20.353,2768.703,31.177,1.247,3.0,0.0,4.247,45.23,36.92
2026-12-19,AM,5,18,22.94,3461.481,1,34.592,1,"[0, 1630, 1676, 2138, 518, 1514, 1539, 300, 301, 1234, 259, 289, 293, 159, 1083, 833, 7, 176, 139, 0]",18,22.94,3461.481,34.592,1.384,3.0,0.0,4.384,50.98,46.15
2026-12-19,PM,3,18,13.46,1936.281,1,46.751,1,"[0, 671, 678, 681, 1651, 493, 1482, 2047, 1484, 965, 2226, 106, 37, 1002, 996, 987, 143, 1502, 430, 0]",18,13.46,1936.281,46.751,1.881,3.0,0.0,4.881,29.91,25.82
2026-12-19,PM,6,18,19.284,2801.509,1,25.899,1,"[0, 1769, 1782, 1796, 1797, 1710, 1720, 1741, 1742, 1746, 253, 592, 594, 598, 614, 628, 826, 268, 182, 0]",18,19.284,2801.509,25.899,1.036,3.0,0.0,4.036,42.85,37.35
2026-12-19,PM,7,18,18.157,2792.097,1,26.006,1,"[0, 2151, 2154, 2158, 2168, 1943, 1935, 1929, 1832, 1855, 1868, 1869, 1875, 1883, 1839, 632, 851, 287, 1066, 0]",18,18.157,2792.097,26.006,1.046,3.0,0.0,4.046,40.35,37.23
2026-12-19,PM,8,16,9.426,1530.34,1,26.18,1,"[0, 1316, 248, 951, 1963, 2008, 2011, 1886, 1899, 871, 898, 873, 885, 1356, 1022, 1035, 1062, 0]",16,9.426,1530.34,26.18,1.047,2.667,0.0,3.714,20.95,20.4
2026-12-20,AM,1,18,22.546,3342.45,1,52.558,1,"[0, 1614, 1186, 1908, 1442, 1446, 1460, 946, 916, 928, 1363, 324, 51, 95, 472, 454, 443, 367, 1158, 0]",18,22.546,3342.45,52.558,2.398,3.0,0.5,5.898,50.1,44.57
2026-12-20,AM,2,18,18.826,2606.442,1,51.488,1,"[0, 652, 674, 2108, 2094, 499, 1613, 1, 792, 797, 749, 773, 1488, 1513, 2231, 1212, 2248, 2254, 1384, 0]",18,18.826,2606.442,51.488,2.06,3.0,0.5,5.56,41.84,34.75
2026-12-20,AM,3,18,22.445,3213.042,1,39.004,1,"[0, 498, 497, 528, 531, 2019, 1481, 2031, 1107, 539, 543, 570, 125, 411, 417, 135, 429, 1398, 1381, 0]",18,22.445,3213.042,39.004,1.57,3.0,0.0,4.57,49.88,42.84
2026-12-20,AM,4,18,23.437,3341.983,1,28.51,1,"[0, 1617, 1631, 1638, 1645, 1684, 1554, 1570, 1575, 1587, 1538, 709, 716, 835, 545, 546, 182, 184, 186, 0]",18,23.437,3341.983,28.51,1.14,3.0,0.0,4.14,52.08,44.56
2026-12-20,PM,5,18,17.04,2695.147,1,18.004,1,"[0, 2161, 2174, 2186, 2194, 1780, 1786, 1794, 1799, 1801, 1803, 1715, 1725, 1739, 1127, 618, 624, 1302, 271, 0]",18,17.04,2695.147,18.004,0.72,3.0,0.0,3.72,37.87,35.94
2026-12-20,PM,6,18,16.598,2372.696,1,22.844,1,"[0, 1925, 1938, 225, 243, 1225, 934, 1986, 1997, 1998, 2000, 1873, 1875, 1824, 886, 882, 893, 895, 290, 0]",18,16.598,2372.696,22.844,0.914,3.0,0.0,3.914,36.88,31.64
2026-12-20,PM,7,4,2.326,352.206,1,19.493,1,"[0, 1229, 852, 1027, 1390, 0]",4,2.326,352.206,19.493,0.78,0.667,0.0,1.446,5.17,4.7
2026-12-21,AM,1,18,20.177,2751.309,1,30.764,1,"[0, 251, 914, 1157, 1020, 63, 55, 50, 46, 80, 82, 91, 452, 457, 463, 487, 488, 375, 1250, 0]",18,20.177,2751.309,30.764,1.231,3.0,0.0,4.231,44.84,36.68
2026-12-21,AM,3,18,18.402,2729.166,1,48.032,1,"[0, 643, 661, 146, 2210, 2233, 989, 1379, 1010, 2248, 2227, 27, 1518, 1491, 766, 759, 758, 745, 1340, 0]",18,18.402,2729.166,48.032,1.945,3.0,0.0,4.945,40.89,36.39
2026-12-21,AM,4,18,22.058,3116.905,1,37.627,1,"[0, 1648, 689, 2075, 988, 1487, 2221, 968, 975, 118, 562, 123, 381, 400, 394, 423, 404, 428, 38, 0]",18,22.058,3116.905,37.627,1.527,3.0,0.0,4.527,49.02,41.56
2026-12-21,AM,5,18,21.195,3141.503,1,32.185,1,"[0, 490, 1504, 1527, 1530, 1475, 1006, 719, 703, 1083, 1088, 831, 548, 579, 126, 127, 116, 564, 565, 0]",18,21.195,3141.503,32.185,1.304,3.0,0.0,4.304,47.1,41.89
2026-12-21,AM,8,18,26.121,3514.715,1,24.666,1,"[0, 1310, 1911, 1930, 1933, 1940, 1944, 1961, 1963, 1977, 1984, 1993, 2005, 1861, 1868, 1872, 1878, 1887, 1061, 0]",18,26.121,3514.715,24.666,0.987,3.0,0.0,3.987,58.05,46.86
2026-12-21,PM,2,18,18.578,2827.137,1,50.543,1,"[0, 1415, 1424, 1431, 1449, 1453, 1463, 1466, 1469, 1150, 1176, 1177, 927, 204, 1509, 1341, 784, 792, 808, 0]",18,18.578,2827.137,50.543,2.063,3.0,0.5,5.563,41.28,37.7
2026-12-21,PM,6,18,19.896,2784.341,1,30.44,1,"[0, 1635, 1643, 1682, 1669, 1660, 2081, 2143, 1580, 1772, 1789, 1795, 1715, 973, 254, 822, 827, 188, 193, 0]",18,19.896,2784.341,30.44,1.218,3.0,0.0,4.218,44.21,37.12
2026-12-21,PM,7,18,20.012,2951.326,1,26.2,1,"[0, 642, 1905, 1902, 1637, 1892, 1740, 1733, 1725, 1840, 1819, 1121, 594, 618, 1232, 269, 277, 288, 1068, 0]",18,20.012,2951.326,26.2,1.058,3.0,0.0,4.058,44.47,39.35
2026-12-21,PM,9,17,14.51,2484.534,1,20.788,1,"[0, 228, 240, 242, 243, 933, 950, 1371, 871, 879, 910, 886, 887, 876, 907, 1029, 1388, 1047, 0]",17,14.51,2484.534,20.788,0.832,2.833,0.0,3.665,32.24,33.13
2026-12-22,AM,1,18,14.891,2417.659,1,33.384,1,"[0, 1402, 1139, 56, 319, 73, 95, 341, 344, 345, 353, 355, 360, 473, 478, 1271, 451, 456, 462, 0]",18,14.891,2417.659,33.384,1.398,3.0,0.0,4.398,33.09,32.24
2026-12-22,AM,2,18,17.869,2720.924,1,60.659,1,"[0, 944, 1176, 373, 1174, 1149, 1145, 42, 920, 1456, 1426, 521, 1334, 778, 796, 805, 1500, 760, 747, 0]",18,17.869,2720.924,60.659,2.43,3.0,0.5,5.93,39.71,36.28
2026-12-22,AM,3,18,33.797,4688.253,1,36.776,1,"[0, 663, 672, 673, 2119, 2131, 2132, 512, 505, 2221, 2222, 989, 994, 999, 1013, 2214, 153, 150, 1522, 0]",18,33.797,4688.253,36.776,1.599,3.0,0.0,4.599,75.1,62.51
2026-12-22,AM,4,18,16.619,2415.682,1,38.887,1,"[0, 1651, 1286, 1508, 695, 710, 1329, 2040, 2045, 1093, 553, 566, 580, 127, 132, 385, 412, 35, 428, 0]",18,16.619,2415.682,38.887,1.555,3.0,0.0,4.555,36.93,32.21
2026-12-22,PM,5,18,15.321,2294.049,1,32.268,1,"[0, 1625, 1674, 1759, 2159, 1556, 1577, 1798, 1703, 1728, 1748, 1534, 306, 312, 599, 162, 164, 1076, 192, 0]",18,15.321,2294.049,32.268,1.291,3.0,0.0,4.291,34.05,30.59
2026-12-22,PM,6,18,16.378,2393.576,1,26.288,1,"[0, 642, 2135, 2142, 1914, 1915, 1919, 1849, 1868, 1876, 1815, 1829, 617, 630, 849, 270, 288, 1233, 1067, 0]",18,16.378,2393.576,26.288,1.052,3.0,0.0,4.052,36.4,31.91
2026-12-22,PM,7,14,16.613,2297.161,1,22.36,1,"[0, 648, 2191, 224, 227, 228, 1228, 957, 1371, 1980, 1885, 1898, 883, 1391, 1050, 0]",14,16.613,2297.161,22.36,0.894,2.333,0.0,3.228,36.92,30.63
2026-12-23,AM,1,18,13.019,2018.241,1,33.509,1,"[0, 236, 64, 51, 48, 70, 330, 341, 100, 1197, 86, 483, 1275, 437, 374, 369, 367, 358, 1173, 0]",18,13.019,2018.241,33.509,1.434,3.0,0.0,4.434,28.93,26.91
2026-12-23,AM,2,18,19.871,3067.33,1,63.202,1,"[0, 2104, 2111, 2115, 2129, 1611, 779, 797, 801, 807, 806, 810, 2207, 23, 1450, 1465, 200, 918, 1414, 0]",18,19.871,3067.33,63.202,2.578,3.0,0.5,6.078,44.16,40.9
2026-12-23,AM,3,18,17.871,2740.681,1,50.123,1,"[0, 666, 675, 1311, 2089, 1762, 2069, 2027, 2220, 114, 143, 2238, 2251, 1007, 1113, 1117, 38, 1124, 435, 0]",18,17.871,2740.681,50.123,2.173,3.0,0.5,5.673,39.71,36.54
2026-12-23,AM,4,18,13.323,2044.9,1,34.416,1,"[0, 1758, 1516, 716, 725, 738, 1323, 1094, 572, 574, 1289, 557, 44, 22, 29, 396, 422, 425, 431, 0]",18,13.323,2044.9,34.416,1.383,3.0,0.0,4.383,29.61,27.27
2026-12-23,PM,5,18,15.315,2414.425,1,28.186,1,"[0, 1615, 1619, 1621, 1631, 1638, 1663, 1670, 1671, 1675, 1642, 1530, 1541, 1077, 299, 298, 295, 166, 1054, 0]",18,15.315,2414.425,28.186,1.128,3.0,0.0,4.128,34.03,32.19
2026-12-23,PM,6,18,17.077,2700.258,1,23.918,1,"[0, 1589, 1572, 1578, 1768, 1725, 1744, 1964, 1108, 254, 593, 604, 627, 629, 632, 1301, 1306, 169, 176, 0]",18,17.077,2700.258,23.918,0.957,3.0,0.0,3.957,37.95,36.0
2026-12-23,PM,7,18,18.4,2779.909,1,22.76,1,"[0, 2180, 2173, 2148, 2136, 1942, 1904, 1365, 2015, 1969, 1962, 2105, 1863, 1823, 1360, 883, 901, 876, 286, 0]",18,18.4,2779.909,22.76,0.948,3.0,0.0,3.948,40.89,37.07
2026-12-23,PM,8,6,4.226,745.85,1,19.113,1,"[0, 238, 249, 882, 907, 856, 1031, 0]",6,4.226,745.85,19.113,0.765,1.0,0.0,1.765,9.39,9.94
2026-12-24,AM,1,18,20.844,3157.043,1,41.819,1,"[0, 1415, 1423, 1428, 1473, 208, 214, 941, 914, 322, 1247, 47, 81, 1251, 1166, 372, 446, 449, 452, 0]",18,20.844,3157.043,41.819,1.673,3.0,0.0,4.673,46.32,42.09
2026-12-24,AM,3,18,22.454,3279.865,1,40.643,1,"[0, 1592, 1597, 1621, 1561, 2062, 2019, 2021, 2023, 2036, 729, 1112, 296, 1101, 1110, 551, 390, 142, 1209, 0]",18,22.454,3279.865,40.643,1.626,3.0,0.0,4.626,49.9,43.73
2026-12-24,AM,4,18,32.784,4149.944,1,19.864,1,"[0, 2182, 1560, 1766, 1780, 1784, 1571, 1696, 1750, 1752, 1842, 1818, 1122, 1079, 597, 611, 841, 262, 274, 0]",18,32.784,4149.944,19.864,0.795,3.0,0.0,3.795,72.85,55.33
2026-12-24,PM,2,18,20.318,2808.262,1,54.908,1,"[0, 664, 665, 1595, 506, 120, 108, 2215, 2216, 1115, 1007, 1011, 2247, 2254, 1501, 779, 4, 795, 760, 0]",18,20.318,2808.262,54.908,2.253,3.0,0.5,5.753,45.15,37.44
2026-12-24,PM,5,17,13.313,1930.158,1,15.285,1,"[0, 1904, 1915, 1940, 1967, 1982, 1365, 1871, 1899, 1833, 1838, 1839, 1351, 880, 905, 907, 619, 836, 0]",17,13.313,1930.158,15.285,0.611,2.833,0.0,3.445,29.58,25.74
2026-12-25,AM,3,18,26.726,3763.831,1,33.078,1,"[0, 634, 661, 675, 1312, 2120, 2125, 1604, 521, 1513, 1501, 1499, 1488, 1204, 2211, 2209, 27, 15, 2252, 0]",18,26.726,3763.831,33.078,1.323,3.0,0.0,4.323,59.39,50.18
2026-12-25,AM,4,18,23.356,3210.316,1,36.238,1,"[0, 2092, 498, 497, 2057, 2064, 2027, 2220, 2217, 972, 1213, 2230, 2231, 2236, 143, 992, 1380, 997, 1124, 0]",18,23.356,3210.316,36.238,1.505,3.0,0.0,4.505,51.9,42.8
2026-12-25,AM,6,18,26.62,3515.704,1,29.122,1,"[0, 1621, 1656, 1670, 1542, 1547, 1558, 1689, 1705, 1710, 533, 1112, 824, 171, 195, 1220, 181, 184, 191, 0]",18,26.62,3515.704,29.122,1.165,3.0,0.0,4.165,59.16,46.88
2026-12-25,AM,7,18,25.1,3479.813,1,20.236,1,"[0, 2078, 2156, 2166, 2171, 2176, 2192, 1909, 1737, 1746, 1862, 1851, 1843, 603, 606, 628, 848, 265, 277, 0]",18,25.1,3479.813,20.236,0.812,3.0,0.0,3.812,55.78,46.4
2026-12-25,PM,1,18,18.09,2498.896,1,32.345,1,"[0, 236, 937, 940, 1361, 1136, 1138, 1043, 59, 58, 323, 1142, 345, 1195, 479, 484, 1268, 1274, 485, 0]",18,18.09,2498.896,32.345,1.297,3.0,0.0,4.297,40.2,33.32
2026-12-25,PM,2,18,14.726,2297.284,1,51.452,1,"[0, 1427, 1434, 930, 935, 376, 462, 463, 486, 365, 353, 349, 1151, 782, 1338, 802, 812, 769, 1532, 0]",18,14.726,2297.284,51.452,2.069,3.0,0.5,5.569,32.73,30.63
2026-12-25,PM,5,18,22.925,3095.725,1,37.157,1,"[0, 2087, 1592, 1647, 1757, 1599, 1615, 2062, 1477, 961, 718, 720, 964, 157, 1100, 26, 417, 424, 429, 0]",18,22.925,3095.725,37.157,1.486,3.0,0.0,4.486,50.94,41.28
2026-12-25,PM,8,15,18.355,2840.887,1,22.574,1,"[0, 242, 953, 1961, 2001, 2016, 1901, 883, 867, 909, 1353, 1025, 1387, 1039, 1047, 1051, 0]",15,18.355,2840.887,22.574,0.903,2.5,0.0,3.403,40.79,37.88
2026-12-26,AM,1,18,19.618,3199.926,1,33.687,1,"[0, 913, 1157, 318, 53, 74, 339, 343, 1277, 362, 370, 459, 1266, 1272, 1273, 447, 456, 471, 378, 0]",18,19.618,3199.926,33.687,1.347,3.0,0.0,4.347,43.59,42.67
2026-12-26,AM,3,18,18.265,2603.86,1,44.534,1,"[0, 679, 683, 2120, 2224, 977, 2232, 109, 2209, 15, 2250, 2205, 794, 806, 752, 754, 3, 1518, 811, 0]",18,18.265,2603.86,44.534,1.789,3.0,0.0,4.789,40.59,34.72
2026-12-26,AM,4,18,21.474,3189.886,1,39.481,1,"[0, 2083, 520, 531, 2030, 2026, 972, 1099, 1102, 103, 1114, 1116, 13, 30, 558, 28, 380, 409, 1264, 0]",18,21.474,3189.886,39.481,1.582,3.0,0.0,4.582,47.72,42.53
2026-12-26,AM,6,18,19.826,2770.386,1,29.667,1,"[0, 1654, 1680, 1926, 1774, 1802, 1803, 1544, 1551, 1574, 1581, 1587, 302, 305, 1235, 253, 168, 8, 1218, 0]",18,19.826,2770.386,29.667,1.187,3.0,0.0,4.187,44.06,36.94
2026-12-26,AM,7,18,23.564,3303.662,1,17.826,1,"[0, 2078, 2134, 2144, 2154, 2158, 2162, 1929, 1690, 1698, 1706, 1707, 1717, 1729, 1734, 1750, 627, 1306, 270, 0]",18,23.564,3303.662,17.826,0.713,3.0,0.0,3.713,52.36,44.05
2026-12-26,PM,10,2,2.117,305.334,1,14.608,1,"[0, 857, 852, 0]",2,2.117,305.334,14.608,0.584,0.333,0.0,0.918,4.71,4.07
2026-12-26,PM,2,18,15.532,2446.735,1,45.339,1,"[0, 1415, 1428, 1431, 1441, 1442, 1451, 1458, 1472, 922, 928, 929, 930, 1167, 1152, 1609, 1335, 778, 792, 0]",18,15.532,2446.735,45.339,1.832,3.0,0.0,4.832,34.52,32.62
2026-12-26,PM,5,18,16.62,2412.062,1,31.546,1,"[0, 1607, 1631, 1632, 1638, 1652, 1643, 1287, 1497, 1514, 712, 721, 157, 547, 570, 581, 25, 564, 140, 0]",18,16.62,2412.062,31.546,1.262,3.0,0.0,4.262,36.93,32.16
2026-12-26,PM,8,18,18.548,2637.123,1,25.761,1,"[0, 1461, 2164, 2183, 1914, 1928, 1943, 1957, 1861, 1820, 1827, 1846, 589, 844, 853, 1348, 278, 280, 1067, 0]",18,18.548,2637.123,25.761,1.03,3.0,0.0,4.03,41.22,35.16
2026-12-26,PM,9,18,20.447,2983.277,1,22.148,1,"[0, 244, 245, 931, 933, 949, 1370, 1992, 1997, 2006, 1867, 1868, 1893, 883, 876, 891, 908, 623, 1050, 0]",18,20.447,2983.277,22.148,0.886,3.0,0.0,3.886,45.44,39.78
2026-12-27,AM,1,18,23.273,3456.261,1,34.032,1,"[0, 1432, 198, 913, 861, 1037, 316, 328, 1151, 340, 72, 96, 342, 356, 1248, 370, 371, 438, 1175, 0]",18,23.273,3456.261,34.032,1.362,3.0,0.0,4.362,51.72,46.08
2026-12-27,AM,2,18,23.004,3363.07,1,58.859,1,"[0, 1604, 2124, 2117, 2107, 686, 680, 653, 1465, 208, 941, 1505, 1509, 14, 765, 755, 806, 1510, 2206, 0]",18,23.004,3363.07,58.859,2.357,3.0,0.5,5.857,51.12,44.84
2026-12-27,AM,4,18,18.561,2975.99,1,40.274,1,"[0, 1591, 1646, 1477, 2041, 2058, 2024, 1104, 839, 538, 577, 578, 1288, 408, 125, 128, 415, 432, 395, 0]",18,18.561,2975.99,40.274,1.611,3.0,0.0,4.611,41.25,39.68
2026-12-27,AM,6,18,24.96,3517.718,1,28.93,1,"[0, 2079, 2135, 2145, 1585, 1565, 1778, 1687, 1701, 1738, 1751, 1079, 606, 824, 274, 177, 181, 183, 190, 0]",18,24.96,3517.718,28.93,1.159,3.0,0.0,4.159,55.47,46.9
2026-12-27,PM,3,18,13.401,2164.922,1,37.457,1,"[0, 2094, 1764, 1762, 498, 500, 1204, 109, 2204, 1376, 982, 990, 2211, 2202, 2245, 2246, 2203, 1009, 40, 0]",18,13.401,2164.922,37.457,1.498,3.0,0.0,4.498,29.78,28.87
2026-12-27,PM,5,18,17.72,2818.548,1,33.71,1,"[0, 1599, 1618, 1622, 1659, 1545, 1511, 1528, 995, 704, 708, 718, 312, 1237, 197, 161, 1293, 138, 1057, 0]",18,17.72,2818.548,33.71,1.348,3.0,0.0,4.348,39.38,37.58
2026-12-27,PM,7,18,15.337,2430.227,1,21.169,1,"[0, 2147, 2165, 2168, 2170, 2178, 2179, 2183, 2185, 1907, 1842, 1808, 1818, 1823, 1835, 1299, 853, 284, 285, 0]",18,15.337,2430.227,21.169,0.847,3.0,0.0,3.847,34.08,32.4
2026-12-27,PM,8,18,18.843,2701.965,1,20.779,1,"[0, 1910, 1943, 1956, 1966, 1975, 2003, 2008, 2009, 924, 956, 1870, 525, 866, 874, 903, 1030, 1036, 1392, 0]",18,18.843,2701.965,20.779,0.831,3.0,0.0,3.831,41.87,36.03
2026-12-28,AM,1,18,16.946,2649.861,1,34.678,1,"[0, 1445, 218, 919, 1169, 1136, 66, 1190, 336, 343, 342, 345, 83, 86, 92, 482, 1249, 452, 375, 0]",18,16.946,2649.861,34.678,1.388,3.0,0.0,4.388,37.66,35.33
2026-12-28,AM,2,18,16.074,2605.919,1,50.191,1,"[0, 221, 942, 930, 928, 1460, 506, 1608, 1612, 521, 781, 783, 785, 805, 766, 755, 744, 1510, 1181, 0]",18,16.074,2605.919,50.191,2.103,3.0,0.5,5.603,35.72,34.75
2026-12-28,AM,3,18,19.939,2736.947,1,38.912,1,"[0, 660, 661, 680, 2102, 2116, 503, 2027, 1211, 2233, 2235, 2236, 984, 986, 1381, 1003, 1383, 2234, 2205, 0]",18,19.939,2736.947,38.912,1.561,3.0,0.0,4.561,44.31,36.49
2026-12-28,AM,4,18,16.136,2423.515,1,36.256,1,"[0, 1477, 2047, 2050, 2053, 2055, 2068, 1098, 1106, 561, 22, 413, 382, 383, 1263, 405, 429, 433, 1130, 0]",18,16.136,2423.515,36.256,1.45,3.0,0.0,4.45,35.86,32.31
2026-12-28,AM,7,18,24.577,3433.107,1,28.987,1,"[0, 2142, 2145, 2149, 1627, 1584, 1569, 1781, 1772, 1699, 1726, 1738, 599, 620, 627, 630, 261, 178, 192, 0]",18,24.577,3433.107,28.987,1.16,3.0,0.0,4.16,54.61,45.77
2026-12-28,PM,5,18,15.58,2355.119,1,29.123,1,"[0, 1520, 1530, 1535, 1541, 1524, 962, 705, 710, 730, 1327, 714, 1082, 1086, 551, 562, 568, 126, 116, 0]",18,15.58,2355.119,29.123,1.165,3.0,0.0,4.165,34.62,31.4
2026-12-28,PM,6,18,17.783,2718.054,1,24.74,1,"[0, 2082, 1628, 1626, 1625, 1620, 1653, 1662, 1284, 2159, 1544, 291, 302, 303, 310, 157, 546, 8, 169, 0]",18,17.783,2718.054,24.74,0.99,3.0,0.0,3.99,39.52,36.24
2026-12-28,PM,8,18,18.098,2546.281,1,27.094,1,"[0, 1309, 2150, 2156, 2163, 2164, 1940, 1849, 1961, 1980, 2005, 2009, 956, 1900, 1806, 1812, 1816, 1828, 1072, 0]",18,18.098,2546.281,27.094,1.092,3.0,0.0,4.092,40.22,33.95
2026-12-28,PM,9,6,7.616,1147.639,1,21.864,1,"[0, 884, 896, 1359, 1023, 1048, 1050, 0]",6,7.616,1147.639,21.864,0.875,1.0,0.0,1.875,16.93,15.3
2026-12-29,AM,1,18,25.955,3906.386,1,33.2,1,"[0, 1424, 236, 946, 862, 1020, 1199, 327, 326, 364, 1143, 335, 359, 378, 464, 455, 448, 1269, 89, 0]",18,25.955,3906.386,33.2,1.339,3.0,0.0,4.339,57.68,52.09
2026-12-29,AM,3,18,19.843,2762.326,1,39.345,1,"[0, 666, 668, 687, 2022, 2042, 2069, 1015, 969, 2198, 2223, 106, 2231, 2237, 12, 40, 1005, 1010, 2249, 0]",18,19.843,2762.326,39.345,1.655,3.0,0.0,4.655,44.1,36.83
2026-12-29,AM,4,18,15.515,2474.196,1,36.185,1,"[0, 2087, 1590, 1633, 1635, 1679, 1497, 962, 1373, 1077, 158, 569, 381, 398, 427, 127, 129, 136, 1045, 0]",18,15.515,2474.196,36.185,1.458,3.0,0.0,4.458,34.48,32.99
2026-12-29,AM,6,18,24.223,3553.893,1,16.742,1,"[0, 2079, 2174, 2175, 1932, 1733, 1981, 2097, 1860, 1834, 1847, 1850, 1852, 592, 613, 624, 1307, 851, 819, 0]",18,24.223,3553.893,16.742,0.673,3.0,0.0,3.673,53.83,47.39
2026-12-29,PM,2,18,17.701,2711.525,1,47.444,1,"[0, 647, 2122, 2127, 1441, 1454, 1455, 1458, 1462, 1470, 205, 1505, 1338, 4, 3, 750, 744, 786, 2207, 0]",18,17.701,2711.525,47.444,1.898,3.0,0.0,4.898,39.34,36.15
2026-12-29,PM,5,18,16.776,2554.451,1,29.015,1,"[0, 1603, 1754, 1789, 1796, 1799, 1803, 1688, 1698, 1713, 1718, 1725, 1563, 2159, 523, 1958, 303, 7, 188, 0]",18,16.776,2554.451,29.015,1.174,3.0,0.0,4.174,37.28,34.06
2026-12-29,PM,7,13,10.638,1698.585,1,20.256,1,"[0, 206, 202, 224, 252, 955, 1985, 1999, 1864, 878, 869, 877, 1026, 1038, 0]",13,10.638,1698.585,20.256,0.81,2.167,0.0,2.977,23.64,22.65
2026-12-30,AM,1,18,20.03,2903.105,1,34.464,1,"[0, 223, 821, 1024, 1019, 67, 1188, 68, 1239, 331, 332, 71, 1277, 94, 1270, 453, 466, 379, 356, 0]",18,20.03,2903.105,34.464,1.441,3.0,0.0,4.441,44.51,38.71
2026-12-30,AM,2,18,20.787,2797.346,1,41.745,1,"[0, 203, 935, 1221, 1434, 1421, 1420, 656, 677, 1308, 2124, 1608, 122, 1518, 806, 756, 809, 788, 779, 0]",18,20.787,2797.346,41.745,1.897,3.0,0.0,4.897,46.19,37.3
2026-12-30,AM,3,18,19.751,2765.322,1,36.047,1,"[0, 2088, 1647, 1763, 501, 1481, 2039, 2040, 2068, 1495, 1111, 389, 401, 403, 418, 34, 1004, 999, 2239, 0]",18,19.751,2765.322,36.047,1.49,3.0,0.0,4.49,43.89,36.87
2026-12-30,AM,6,18,21.08,3110.926,1,26.038,1,"[0, 2134, 2135, 2142, 2146, 2170, 2186, 1929, 1906, 1913, 1813, 1852, 1128, 602, 621, 1347, 283, 286, 1395, 0]",18,21.08,3110.926,26.038,1.042,3.0,0.0,4.042,46.84,41.48
2026-12-30,PM,4,18,18.385,2622.046,1,30.673,1,"[0, 1593, 1619, 1652, 1672, 962, 697, 708, 719, 722, 731, 740, 1322, 197, 1123, 582, 1256, 129, 116, 0]",18,18.385,2622.046,30.673,1.227,3.0,0.0,4.227,40.86,34.96
2026-12-30,PM,5,18,15.083,2453.007,1,30.138,1,"[0, 1677, 1640, 1563, 1796, 1776, 1775, 1737, 1739, 1746, 1752, 533, 301, 305, 308, 1077, 597, 163, 191, 0]",18,15.083,2453.007,30.138,1.207,3.0,0.0,4.207,33.52,32.71
2026-12-30,PM,7,11,6.779,1044.056,1,20.064,1,"[0, 1931, 230, 234, 954, 1988, 1993, 1890, 886, 868, 623, 1030, 0]",11,6.779,1044.056,20.064,0.803,1.833,0.0,2.636,15.06,13.92
2026-12-31,AM,1,18,20.655,3222.148,1,51.74,1,"[0, 1452, 1464, 930, 42, 1145, 1176, 468, 436, 439, 365, 478, 63, 1020, 1137, 862, 223, 1609, 768, 0]",18,20.655,3222.148,51.74,2.463,3.0,0.5,5.963,45.9,42.96
2026-12-31,AM,2,18,18.923,2695.804,1,55.192,1,"[0, 635, 2085, 2116, 2128, 509, 2061, 2068, 2219, 1204, 1521, 1500, 746, 2201, 2252, 2245, 1009, 392, 424, 0]",18,18.923,2695.804,55.192,2.22,3.0,0.5,5.72,42.05,35.94
2026-12-31,AM,3,18,16.78,2552.541,1,33.765,1,"[0, 2087, 1511, 1476, 689, 690, 2021, 696, 700, 705, 1324, 1090, 575, 577, 583, 558, 18, 409, 137, 0]",18,16.78,2552.541,33.765,1.351,3.0,0.0,4.351,37.29,34.03
2026-12-31,PM,4,18,15.857,2174.787,1,24.227,1,"[0, 1602, 1616, 1620, 1629, 1636, 1652, 1662, 2143, 1753, 1579, 2034, 1525, 294, 313, 1078, 546, 172, 173, 0]",18,15.857,2174.787,24.227,0.969,3.0,0.0,3.969,35.24,29.0
2026-12-31,PM,5,18,18.429,2981.485,1,29.292,1,"[0, 1938, 1930, 1921, 2188, 2153, 2147, 1779, 1720, 1739, 1741, 1971, 1817, 842, 845, 267, 1067, 1070, 1217, 0]",18,18.429,2981.485,29.292,1.175,3.0,0.0,4.175,40.95,39.75
2026-12-31,PM,6,17,15.606,2079.015,1,12.116,1,"[0, 648, 2191, 1939, 1962, 1965, 1966, 1967, 1367, 1368, 1858, 1880, 1882, 1891, 873, 880, 877, 895, 0]",17,15.606,2079.015,12.116,0.485,2.833,0.0,3.318,34.68,27.72
2027-01-01,AM,1,18,22.115,2942.603,1,32.562,1,"[0, 1448, 1472, 913, 1147, 1133, 1040, 1065, 55, 48, 1405, 79, 84, 1278, 442, 373, 1173, 1164, 1163, 0]",18,22.115,2942.603,32.562,1.311,3.0,0.0,4.311,49.14,39.23
2027-01-01,AM,2,18,22.327,3283.297,1,54.537,1,"[0, 655, 687, 2108, 515, 770, 2251, 1017, 10, 998, 143, 2232, 106, 110, 2226, 1495, 2218, 1486, 1222, 0]",18,22.327,3283.297,54.537,2.688,3.0,0.5,6.188,49.61,43.78
2027-01-01,AM,3,18,20.209,2766.251,1,32.146,1,"[0, 2087, 1593, 692, 1480, 1482, 2028, 2051, 1016, 194, 1092, 553, 539, 547, 576, 1259, 386, 396, 402, 0]",18,20.209,2766.251,32.146,1.337,3.0,0.0,4.337,44.91,36.88
2027-01-01,PM,4,18,19.255,2996.969,1,19.054,1,"[0, 1588, 1597, 1598, 1634, 1643, 1672, 2081, 1582, 1767, 1783, 1789, 1691, 522, 302, 256, 260, 1344, 830, 0]",18,19.255,2996.969,19.054,0.762,3.0,0.0,3.762,42.79,39.96
2027-01-01,PM,5,18,13.274,1970.326,1,16.776,1,"[0, 1910, 1934, 1940, 1951, 2168, 2149, 1627, 1717, 1716, 1693, 1971, 1981, 1845, 1850, 1300, 602, 606, 853, 0]",18,13.274,1970.326,16.776,0.687,3.0,0.0,3.687,29.5,26.27
2027-01-01,PM,6,11,16.194,2488.894,1,16.324,1,"[0, 225, 246, 960, 1963, 1973, 1985, 2000, 1877, 875, 904, 817, 0]",11,16.194,2488.894,16.324,0.653,1.833,0.0,2.486,35.99,33.19
2027-01-02,AM,1,18,16.054,2463.769,1,32.219,1,"[0, 1419, 1424, 1431, 1439, 1464, 917, 1137, 1135, 864, 332, 338, 1160, 1165, 354, 85, 480, 1279, 459, 0]",18,16.054,2463.769,32.219,1.31,3.0,0.0,4.31,35.67,32.85
2027-01-02,AM,2,18,20.592,3059.322,1,52.105,1,"[0, 1505, 942, 938, 1471, 2102, 2110, 2124, 1605, 2100, 1337, 775, 808, 754, 1331, 749, 3, 1518, 1184, 0]",18,20.592,3059.322,52.105,2.353,3.0,0.5,5.853,45.76,40.79
2027-01-02,AM,4,18,17.997,2690.029,1,33.865,1,"[0, 1591, 1590, 1756, 1526, 1479, 1329, 1320, 734, 702, 1346, 551, 583, 17, 18, 20, 383, 384, 136, 0]",18,17.997,2690.029,33.865,1.387,3.0,0.0,4.387,39.99,35.87
2027-01-02,AM,6,18,19.613,2802.927,1,27.429,1,"[0, 2145, 2158, 2170, 2176, 2183, 2194, 2076, 1755, 1768, 1790, 1800, 1714, 1832, 514, 614, 265, 267, 185, 0]",18,19.613,2802.927,27.429,1.097,3.0,0.0,4.097,43.58,37.37
2027-01-02,PM,3,18,13.156,2237.719,1,39.829,1,"[0, 636, 2092, 1650, 495, 2046, 1492, 971, 972, 2229, 694, 102, 1202, 981, 1377, 33, 1262, 414, 429, 0]",18,13.156,2237.719,39.829,1.758,3.0,0.0,4.758,29.24,29.84
2027-01-02,PM,5,18,13.65,2203.32,1,33.959,1,"[0, 1620, 1665, 1667, 1673, 1678, 1542, 1572, 1573, 489, 1519, 1537, 1538, 300, 311, 158, 176, 183, 141, 0]",18,13.65,2203.32,33.959,1.358,3.0,0.0,4.358,30.33,29.38
2027-01-02,PM,7,18,11.51,1809.225,1,27.191,1,"[0, 2191, 1937, 1950, 224, 226, 232, 241, 954, 1974, 1995, 2105, 1867, 1869, 1883, 1885, 888, 814, 1396, 0]",18,11.51,1809.225,27.191,1.088,3.0,0.0,4.088,25.58,24.12
2027-01-02,PM,8,2,2.176,343.419,1,18.345,1,"[0, 250, 1021, 0]",2,2.176,343.419,18.345,0.734,0.333,0.0,1.067,4.84,4.58
2027-01-03,AM,1,18,18.952,2879.416,1,58.167,1,"[0, 1223, 314, 346, 467, 1267, 69, 68, 77, 55, 1042, 200, 1473, 1443, 2113, 521, 1440, 1496, 754, 0]",18,18.952,2879.416,58.167,2.563,3.0,0.5,6.063,42.12,38.39
2027-01-03,AM,3,18,26.632,3616.131,1,27.666,1,"[0, 1635, 1664, 1562, 1566, 1575, 1577, 1787, 1791, 1695, 1711, 1714, 1735, 1745, 600, 1215, 823, 196, 1063, 0]",18,26.632,3616.131,27.666,1.119,3.0,0.0,4.119,59.18,48.22
2027-01-03,PM,2,18,18.916,2923.071,1,38.707,1,"[0, 633, 667, 646, 1596, 1649, 1629, 722, 717, 713, 2020, 963, 2028, 2046, 2225, 109, 16, 334, 834, 0]",18,18.916,2923.071,38.707,1.551,3.0,0.0,4.551,42.04,38.97
2027-01-03,PM,4,14,17.479,2491.462,1,16.631,1,"[0, 2079, 2142, 2188, 1226, 950, 947, 2004, 1886, 1898, 873, 912, 621, 622, 1303, 0]",14,17.479,2491.462,16.631,0.686,2.333,0.0,3.019,38.84,33.22
2027-01-04,AM,1,18,24.201,3340.327,2,128.006,1,"[0, 1434, 1460, 1465, 941, 454, 502, 2110, 640, 1960, 809, 752, 810, 2253, 144, 108, 2229, 405, 0]",17,22.912,3182.803,94.858,4.142,2.833,1.0,7.975,50.92,42.44
2027-01-04,AM,1,18,24.201,3340.327,2,128.006,2,"[0, 404, 0]",1,1.289,157.524,33.148,1.326,0.167,0.0,1.493,2.86,2.1
2027-01-04,AM,2,18,15.379,2464.284,1,35.794,1,"[0, 1630, 2182, 1759, 1576, 532, 518, 1712, 1812, 1129, 1512, 689, 722, 737, 544, 1297, 559, 5, 183, 0]",18,15.379,2464.284,35.794,1.463,3.0,0.0,4.463,34.18,32.86
2027-01-04,PM,3,5,6.716,810.257,1,19.299,1,"[0, 1224, 1970, 1996, 2004, 1034, 0]",5,6.716,810.257,19.299,0.772,0.833,0.0,1.605,14.92,10.8
2027-01-05,AM,1,4,6.738,1045.815,1,21.387,1,"[0, 948, 1719, 1330, 1502, 0]",4,6.738,1045.815,21.387,0.855,0.667,0.0,1.522,14.97,13.94
