Fecha de despacho Solicitada,cluster_id_dia,ventana,n_nodos,n_pedidos,volumen_cluster_m3,peso_cluster_kg,dist_prom_deposito_km,dist_max_deposito_km,distancia_estimada_ruta_km,tiempo_viaje_estimado_h,tiempo_servicio_estimado_h,tiempo_total_estimado_h,estado_tiempo_cluster,uso_vol_pct,uso_peso_pct
2026-12-02,1,AM,14,14,13.228068,1900.203,8.277171769826007,14.318723105197344,27.754343539652012,1.1101737415860804,2.3333333333333335,3.443507074919414,OK,0.29395706666666666,0.2533604
2026-12-03,1,AM,16,16,15.277325,2104.609,9.604154524596314,14.318723105197344,32.00830904919263,1.2803323619677054,2.6666666666666665,3.946999028634372,OK,0.3394961111111111,0.2806145333333333
2026-12-03,2,PM,10,11,13.77767,2092.6459999999997,6.043170945738483,11.978958641700142,20.086341891476966,0.8034536756590787,1.6666666666666667,2.470120342325745,OK,0.30617044444444447,0.2790194666666666
2026-12-03,3,AM,17,17,15.921788,2375.985,4.8458706024171425,14.523262922181557,23.29174120483429,0.9316696481933715,2.8333333333333335,3.765002981526705,OK,0.3538175111111111,0.316798
2026-12-03,4,PM,15,15,15.995061,2414.889,4.234612040928536,5.391488480207241,20.46922408185707,0.8187689632742828,2.5,3.318768963274283,OK,0.3554458,0.3219852
2026-12-03,5,AM,18,18,15.598395,2284.737,7.578571617059438,11.34095625913535,29.557143234118875,1.182285729364755,3.0,4.1822857293647555,OK,0.346631,0.3046316
2026-12-03,6,AM,6,6,12.664366000000001,1824.827,13.55567839443689,14.17700515083564,31.911356788873782,1.2764542715549512,1.0,2.276454271554951,OK,0.28143035555555557,0.24331026666666666
2026-12-03,7,PM,2,2,5.095141,633.2330000000001,14.934585494053167,15.294832662831563,31.469170988106335,1.2587668395242533,0.3333333333333333,1.5921001728575865,OK,0.11322535555555556,0.08443106666666668
2026-12-04,1,AM,15,15,15.220853,2191.135,8.304386757104034,14.318723105197344,28.608773514208067,1.1443509405683228,2.5,3.644350940568323,OK,0.3382411777777778,0.2921513333333334
2026-12-04,2,AM,15,17,13.904326,1961.069,4.393436181260361,9.398203742506968,20.78687236252072,0.8314748945008289,2.5,3.331474894500829,OK,0.3089850222222222,0.26147586666666667
2026-12-04,3,AM,9,9,15.333779,2258.57,6.3733533588347,13.73508922565342,19.9467067176694,0.797868268706776,1.5,2.297868268706776,OK,0.3407506444444444,0.30114266666666667
2026-12-04,4,PM,13,14,15.53822,2231.063,3.3495478836458785,3.571692109400136,17.099095767291757,0.6839638306916703,2.1666666666666665,2.850630497358337,OK,0.3452937777777778,0.2974750666666667
2026-12-04,5,PM,12,13,15.34028,2193.7889999999998,3.8750949501424956,4.364748051781916,17.35018990028499,0.6940075960113997,2.0,2.6940075960114,OK,0.3408951111111111,0.29250519999999997
2026-12-04,6,PM,12,12,13.165955,1894.436,5.4978302271874675,6.855985091376877,20.595660454374936,0.8238264181749975,2.0,2.8238264181749972,OK,0.2925767777777778,0.25259146666666665
2026-12-04,7,AM,13,13,13.355592,2049.575,8.300273704817098,10.987952818090028,27.000547409634194,1.0800218963853678,2.1666666666666665,3.246688563052034,OK,0.29679093333333334,0.27327666666666667
2026-12-04,8,AM,12,12,15.515395,2222.583,13.515779423317356,15.764502990970486,36.63155884663472,1.4652623538653886,2.0,3.4652623538653886,OK,0.34478655555555554,0.2963444
2026-12-04,9,PM,1,2,1.262093,190.967,16.841565988059536,16.841565988059536,34.48313197611907,1.3793252790447628,0.16666666666666666,1.5459919457114295,OK,0.02804651111111111,0.025462266666666667
2026-12-05,1,AM,11,11,15.812981,2228.98,8.028228711505134,12.466294011521182,24.85645742301027,0.9942582969204108,1.8333333333333333,2.8275916302537443,OK,0.3513995777777778,0.2971973333333333
2026-12-05,2,AM,13,13,15.549114999999999,2243.659,7.978363016847411,13.835012998361089,26.356726033694823,1.0542690413477929,2.1666666666666665,3.2209357080144594,OK,0.34553588888888886,0.29915453333333336
2026-12-05,3,PM,9,9,15.424145,2079.016,7.8243242121389835,12.62342209080618,22.848648424277968,0.9139459369711187,1.5,2.4139459369711185,OK,0.34275877777777775,0.2772021333333333
2026-12-05,4,AM,18,19,14.278771,2137.42,7.105837936896868,14.43470963473996,28.611675873793736,1.1444670349517494,3.0,4.14446703495175,OK,0.31730602222222226,0.2849893333333333
2026-12-05,5,PM,5,5,11.316732,1521.9669999999999,2.3467927215522666,2.66604855565573,8.693585443104533,0.3477434177241813,0.8333333333333334,1.1810767510575146,OK,0.2514829333333333,0.2029289333333333
2026-12-05,6,PM,8,8,15.637764,2096.885,3.0741392101573015,3.164866207510601,12.548278420314602,0.5019311368125841,1.3333333333333333,1.8352644701459173,OK,0.34750586666666666,0.2795846666666667
2026-12-05,7,AM,16,17,15.994725,2315.775,3.5871830898815253,3.7486408741037023,19.974366179763052,0.7989746471905221,2.6666666666666665,3.465641313857189,OK,0.35543833333333336,0.30877
2026-12-05,8,PM,14,15,15.77108,2134.849,4.531512738275593,5.298721821322282,20.263025476551185,0.8105210190620474,2.3333333333333335,3.143854352395381,OK,0.3504684444444444,0.28464653333333334
2026-12-05,9,AM,18,18,15.195179,2261.163,8.590673515653087,13.163859840310373,31.581347031306173,1.263253881252247,3.0,4.263253881252247,OK,0.33767064444444445,0.3014884
2026-12-05,10,PM,3,3,2.520283,327.084,15.418629262728684,16.26312095052242,33.23725852545737,1.3294903410182948,0.5,1.8294903410182948,OK,0.05600628888888889,0.0436112
2026-12-06,1,AM,17,18,13.342483,2027.9260000000002,8.131043427942428,14.318723105197344,29.862086855884858,1.1944834742353942,2.8333333333333335,4.027816807568728,OK,0.2964996222222222,0.27039013333333334
2026-12-06,2,PM,12,12,15.997621,2257.971,7.66735710693133,14.318723105197344,24.934714213862662,0.9973885685545065,2.0,2.9973885685545065,OK,0.3555026888888889,0.3010628
2026-12-06,3,AM,16,16,15.01385,2318.963,7.273798481760133,12.889677029945377,27.347596963520267,1.0939038785408106,2.6666666666666665,3.760570545207477,OK,0.3336411111111111,0.3091950666666667
2026-12-06,4,AM,17,17,15.936085,2425.992,5.488071101302153,16.253267269649964,24.57614220260431,0.9830456881041724,2.8333333333333335,3.816379021437506,OK,0.3541352222222222,0.3234656
2026-12-06,5,PM,17,17,15.117505000000001,2096.482,3.547952971625919,3.764203992808543,20.695905943251837,0.8278362377300735,2.8333333333333335,3.661169571063407,OK,0.3359445555555556,0.27953093333333334
2026-12-06,6,PM,11,11,15.593031,2270.101,4.658746303549689,5.391488480207241,18.11749260709938,0.7246997042839751,1.8333333333333333,2.5580330376173084,OK,0.3465118,0.3026801333333333
2026-12-06,7,PM,15,16,14.801145,2375.391,6.539942728486148,9.296819787227928,25.079885456972296,1.0031954182788918,2.5,3.503195418278892,OK,0.3289143333333333,0.3167188
2026-12-06,8,AM,8,8,14.156654,1855.108,12.225040304812932,16.39342272540703,30.850080609625863,1.2340032243850345,1.3333333333333333,2.5673365577183676,OK,0.3145923111111111,0.24734773333333332
2026-12-07,1,AM,15,15,15.731273,2311.784,8.979414440247387,13.161939870068998,29.958828880494774,1.198353155219791,2.5,3.698353155219791,OK,0.34958384444444446,0.3082378666666667
2026-12-07,2,AM,9,9,12.562729000000001,1843.19,14.204063020417802,14.698803023270017,35.60812604083561,1.4243250416334243,1.5,2.9243250416334243,OK,0.27917175555555557,0.24575866666666668
2026-12-07,3,PM,10,10,15.442088,1964.764,5.063039502474654,11.71004583621439,18.126079004949307,0.7250431601979723,1.6666666666666667,2.391709826864639,OK,0.3431575111111111,0.2619685333333333
2026-12-07,4,PM,8,8,14.163877,1999.752,3.7113080200986146,6.979560284067216,13.822616040197229,0.5529046416078891,1.3333333333333333,1.8862379749412224,OK,0.31475282222222223,0.26663359999999997
2026-12-07,5,AM,10,11,15.247081000000001,2402.326,8.764664545673519,12.106285054497729,25.529329091347037,1.0211731636538814,1.6666666666666667,2.687839830320548,OK,0.33882402222222224,0.32031013333333336
2026-12-07,6,PM,13,13,15.339694,2229.167,2.959477429081528,3.33039507838809,16.318954858163057,0.6527581943265223,2.1666666666666665,2.819424860993189,OK,0.3408820888888889,0.2972222666666667
2026-12-07,7,AM,14,15,15.364374,2156.421,3.9288433529051643,4.364748051781916,19.05768670581033,0.7623074682324131,2.3333333333333335,3.0956408015657466,OK,0.34143053333333334,0.28752279999999997
2026-12-07,8,PM,9,9,14.208021,2007.899,5.589817910459091,7.157847350200165,18.379635820918182,0.7351854328367273,1.5,2.2351854328367273,OK,0.3157338,0.26771986666666664
2026-12-07,9,AM,13,13,15.136332,2234.393,7.670453117788085,8.605305383097061,25.74090623557617,1.0296362494230467,2.1666666666666665,3.196302916089713,OK,0.33636293333333334,0.2979190666666667
2026-12-07,10,AM,11,11,15.060466,2221.467,12.895173312871531,15.31653652107811,34.59034662574307,1.3836138650297227,1.8333333333333333,3.216947198363056,OK,0.33467702222222223,0.2961956
2026-12-07,11,PM,1,1,1.39013,174.706,16.326264557619446,16.326264557619446,33.45252911523889,1.3381011646095555,0.16666666666666666,1.5047678312762223,OK,0.03089177777777778,0.02329413333333333
2026-12-08,1,PM,12,13,15.840865,2341.108,6.083023729147622,10.726795920508902,21.766047458295247,0.8706418983318099,2.0,2.87064189833181,OK,0.35201922222222226,0.31214773333333334
2026-12-08,2,AM,18,19,15.848891,2524.187,8.391086189118964,14.318723105197344,31.18217237823793,1.247286895129517,3.0,4.247286895129517,OK,0.35219757777777777,0.33655826666666666
2026-12-08,3,AM,18,18,15.435375,2475.682,7.605253411367839,13.454014249305205,29.61050682273568,1.184420272909427,3.0,4.184420272909427,OK,0.34300833333333336,0.3300909333333333
2026-12-08,4,PM,17,17,15.275998,2412.95,2.9466317731622484,3.164866207510601,19.4932635463245,0.77973054185298,2.8333333333333335,3.6130638751863136,OK,0.33946662222222224,0.32172666666666666
2026-12-08,5,AM,18,18,15.797058999999999,2713.014,3.5306747036724464,3.7486408741037023,21.461349407344894,0.8584539762937957,3.0,3.858453976293796,OK,0.35104575555555556,0.36173520000000003
2026-12-08,6,PM,15,16,15.865353,2414.812,4.137946191888,4.5369039656375625,20.275892383776,0.81103569535104,2.5,3.3110356953510403,OK,0.3525634,0.3219749333333333
2026-12-08,7,PM,14,15,14.641212,2079.963,6.212767319273418,7.84266427801248,23.62553463854684,0.9450213855418735,2.3333333333333335,3.278354718875207,OK,0.3253602666666667,0.27732840000000003
2026-12-08,8,AM,11,11,14.685691,1911.439,10.470498589933136,12.78281658240117,29.740997179866273,1.189639887194651,1.8333333333333333,3.0229732205279842,OK,0.3263486888888889,0.25485853333333336
2026-12-08,9,AM,12,13,14.012923,2045.3999999999999,14.262945851683765,16.640326793849145,38.12589170336753,1.5250356681347013,2.0,3.5250356681347013,OK,0.31139828888888893,0.27271999999999996
2026-12-09,1,AM,20,21,15.876844,2374.861,9.600500669989913,14.318723105197344,35.201001339979825,1.408040053599193,3.3333333333333335,4.741373386932526,TENSO,0.3528187555555556,0.3166481333333333
2026-12-09,2,PM,14,14,15.695933,2179.181,4.331579314205855,12.574397436221185,19.86315862841171,0.7945263451364685,2.3333333333333335,3.127859678469802,OK,0.3487985111111111,0.29055746666666665
2026-12-09,3,AM,15,16,15.347101,2333.899,6.928173933782974,18.153550262133304,25.856347867565947,1.034253914702638,2.5,3.5342539147026377,OK,0.3410466888888889,0.3111865333333333
2026-12-09,4,AM,16,16,15.852037000000001,2358.891,3.4364944367606283,3.703290705950873,19.672988873521255,0.7869195549408502,2.6666666666666665,3.453586221607517,OK,0.3522674888888889,0.3145188
2026-12-09,5,PM,10,11,15.676345000000001,2146.547,3.9372616642253817,4.364748051781916,15.874523328450763,0.6349809331380305,1.6666666666666667,2.3016475998046975,OK,0.34836322222222227,0.28620626666666665
2026-12-09,6,PM,12,12,12.845216,1846.3319999999999,5.265594514042904,6.019198930007628,20.13118902808581,0.8052475611234324,2.0,2.8052475611234327,OK,0.28544924444444447,0.2461776
2026-12-09,7,AM,15,15,15.408441,2296.259,9.040014299571459,14.17700515083564,30.080028599142917,1.2032011439657166,2.5,3.7032011439657166,OK,0.3424098,0.3061678666666667
2026-12-09,8,PM,3,3,4.4741159999999995,623.001,14.826127626361554,16.12437257741338,32.05225525272311,1.2820902101089242,0.5,1.7820902101089242,OK,0.0994248,0.0830668
2026-12-10,1,AM,17,17,15.486895,2241.919,8.009574984985182,14.318723105197344,29.619149969970366,1.1847659987988146,2.8333333333333335,4.018099332132148,OK,0.3441532222222222,0.2989225333333333
2026-12-10,2,PM,15,15,15.059874,2262.201,4.581491814923491,14.568217169951131,21.162983629846984,0.8465193451938794,2.5,3.3465193451938795,OK,0.3346638666666667,0.30162680000000003
2026-12-10,3,AM,17,17,14.413416999999999,2135.17,5.796225339656396,11.72246883348986,25.192450679312792,1.0076980271725118,2.8333333333333335,3.8410313605058453,OK,0.3202981555555555,0.28468933333333335
2026-12-10,4,PM,11,11,14.822922,2353.181,6.246351306256873,14.242269800856572,21.292702612513747,0.8517081045005499,1.8333333333333333,2.685041437833883,OK,0.32939826666666666,0.31375746666666665
2026-12-10,5,PM,16,16,14.311349,2104.751,3.2134183204611015,3.65777306650862,19.226836640922205,0.7690734656368882,2.6666666666666665,3.435740132303555,OK,0.31802997777777775,0.2806334666666667
2026-12-10,6,PM,6,6,15.273485,1874.75,3.6880902475885513,3.7486408741037023,12.176180495177103,0.48704721980708415,1.0,1.487047219807084,OK,0.3394107777777778,0.24996666666666667
2026-12-10,7,PM,12,12,15.057656,2121.6040000000003,4.156162881476948,4.364748051781916,17.9123257629539,0.7164930305181559,2.0,2.716493030518156,OK,0.33461457777777776,0.28288053333333335
2026-12-10,8,AM,15,15,15.930863,2560.956,5.490287307099404,6.487580079104091,22.980574614198808,0.9192229845679524,2.5,3.4192229845679525,OK,0.3540191777777778,0.3414608
2026-12-10,9,AM,16,16,15.002924,2196.116,9.57327667842048,11.34095625913535,31.946553356840962,1.2778621342736385,2.6666666666666665,3.9445288009403052,OK,0.3333983111111111,0.2928154666666667
2026-12-10,10,AM,11,11,13.277693,1962.729,13.621854272208536,16.213402023477556,36.04370854441707,1.441748341776683,1.8333333333333333,3.275081675110016,OK,0.29505984444444444,0.2616972
2026-12-11,1,PM,12,12,12.571425,1827.414,6.311550007932457,9.293051113958011,22.223100015864915,0.8889240006345966,2.0,2.8889240006345966,OK,0.279365,0.2436552
2026-12-11,2,AM,15,15,15.899921,2380.7690000000002,8.013801325735818,13.928170738857563,28.027602651471636,1.1211041060588653,2.5,3.6211041060588656,OK,0.3533315777777778,0.3174358666666667
2026-12-11,3,PM,9,9,13.120519,1869.085,5.32512920564643,7.1421928832485095,17.85025841129286,0.7140103364517144,1.5,2.2140103364517145,OK,0.2915670888888889,0.24921133333333334
2026-12-11,4,AM,7,7,13.112928,1776.469,10.518877200655089,13.999257603270278,26.63775440131018,1.065510176052407,1.1666666666666667,2.232176842719074,OK,0.2913984,0.23686253333333335
2026-12-11,5,AM,13,13,15.212155000000001,2083.321,5.94821725374593,18.90642356937414,22.29643450749186,0.8918573802996744,2.1666666666666665,3.058524046966341,OK,0.3380478888888889,0.27777613333333334
2026-12-11,6,PM,11,11,14.053691,1934.048,3.663368874149663,3.7486408741037023,16.126737748299327,0.6450695099319731,1.8333333333333333,2.4784028432653065,OK,0.31230424444444443,0.25787306666666665
2026-12-11,7,PM,10,10,14.484358,2005.4940000000001,4.257196402964189,4.5369039656375625,16.514392805928377,0.6605757122371351,1.6666666666666667,2.3272423789038017,OK,0.32187462222222224,0.2673992
2026-12-11,8,AM,10,10,15.091745999999999,2099.628,5.9769926491168786,7.340012934373101,19.953985298233757,0.7981594119293502,1.6666666666666667,2.464826078596017,OK,0.3353721333333333,0.27995040000000004
2026-12-11,9,AM,12,13,15.460674000000001,2141.561,11.408360772818405,14.861082038327634,32.41672154563681,1.2966688618254725,2.0,3.2966688618254727,OK,0.34357053333333337,0.2855414666666667
2026-12-12,1,AM,15,15,15.647174,2314.401,6.882580792103999,10.49923163133615,25.765161584208,1.0306064633683198,2.5,3.53060646336832,OK,0.34771497777777777,0.3085868
2026-12-12,2,AM,21,21,15.388946,2274.627,8.159779600092646,14.318723105197344,33.11955920018529,1.3247823680074118,3.5,4.824782368007412,TENSO,0.3419765777777778,0.3032836
2026-12-12,3,PM,12,13,15.797018999999999,2343.86,5.145571863123951,10.803376918737223,19.891143726247904,0.7956457490499161,2.0,2.7956457490499163,OK,0.3510448666666666,0.31251466666666666
2026-12-12,4,AM,12,12,14.899763,2094.033,9.387845090992522,14.491881504280888,28.375690181985046,1.1350276072794019,2.0,3.135027607279402,OK,0.33110584444444446,0.27920439999999996
2026-12-12,5,PM,17,18,15.714606,2345.967,2.9806399022009935,3.560436990853332,19.561279804401988,0.7824511921760795,2.8333333333333335,3.615784525509413,OK,0.34921346666666664,0.3127956
2026-12-12,6,AM,18,18,15.489604,2355.449,3.8375565232002824,4.364748051781916,22.075113046400567,0.8830045218560226,3.0,3.8830045218560225,OK,0.34421342222222223,0.3140598666666667
2026-12-12,7,PM,12,12,14.794201999999999,2089.884,5.219106462940753,5.98217488386954,20.03821292588151,0.8015285170352604,2.0,2.80152851703526,OK,0.3287600444444444,0.2786512
2026-12-12,8,AM,17,17,14.626406,2154.61,8.797095084500787,11.34095625913535,31.194190169001576,1.2477676067600632,2.8333333333333335,4.081100940093396,OK,0.3250312444444444,0.28728133333333333
2026-12-12,9,PM,8,8,10.121336,1619.7160000000001,14.161529906845463,16.905937650213872,34.723059813690924,1.388922392547637,1.3333333333333333,2.72225572588097,OK,0.22491857777777777,0.21596213333333336
2026-12-13,1,AM,16,17,15.814352999999999,2427.364,6.512527222562273,11.115506748293646,25.825054445124547,1.0330021778049818,2.6666666666666665,3.699668844471648,OK,0.35143006666666665,0.3236485333333333
2026-12-13,2,AM,16,17,15.909606,2439.569,8.329046483746643,14.318723105197344,29.458092967493286,1.1783237186997315,2.6666666666666665,3.844990385366398,OK,0.3535468,0.32527586666666664
2026-12-13,3,PM,15,15,14.918061,2383.861,4.865694316736356,12.62342209080618,21.73138863347271,0.8692555453389085,2.5,3.3692555453389086,OK,0.33151246666666667,0.31784813333333334
2026-12-13,4,AM,11,11,14.382374,1977.6799999999998,9.402831861951254,13.004497552739242,27.60566372390251,1.1042265489561003,1.8333333333333333,2.9375598822894338,OK,0.3196083111111111,0.26369066666666663
2026-12-13,5,PM,9,9,14.199501,2061.865,7.436615983154378,13.661624266679873,22.073231966308757,0.8829292786523503,1.5,2.3829292786523504,OK,0.31554446666666663,0.2749153333333333
2026-12-13,6,PM,9,10,14.315478,2128.203,3.1100095784153674,3.1466191490026816,13.420019156830735,0.5368007662732294,1.5,2.0368007662732293,OK,0.3181217333333333,0.2837604
2026-12-13,7,PM,14,15,15.669317000000001,2346.116,3.500277930470893,3.703290705950873,18.200555860941787,0.7280222344376714,2.3333333333333335,3.061355567771005,OK,0.34820704444444445,0.31281546666666665
2026-12-13,8,PM,15,15,15.595637,2181.7019999999998,4.012274821518072,4.364748051781916,20.024549643036146,0.8009819857214459,2.5,3.300981985721446,OK,0.3465697111111111,0.2908936
2026-12-13,9,AM,14,15,15.396883,2079.43,5.358183519632493,6.16581872532448,21.916367039264987,0.8766546815705994,2.3333333333333335,3.209988014903933,OK,0.3421529555555556,0.2772573333333333
2026-12-13,10,AM,14,15,15.346951,2341.325,8.72990767099486,10.772832218361708,28.65981534198972,1.1463926136795888,2.3333333333333335,3.4797259470129225,OK,0.3410433555555556,0.31217666666666666
2026-12-13,11,AM,14,14,14.746156,2116.764,13.132856136409993,16.905937650213872,37.465712272819985,1.4986284909127994,2.3333333333333335,3.831961824246133,OK,0.32769235555555554,0.2822352
2026-12-14,1,AM,13,13,15.957063999999999,1969.593,7.917959995066103,11.484928589950158,26.235919990132206,1.0494367996052882,2.1666666666666665,3.2161034662719548,OK,0.3546014222222222,0.2626124
2026-12-14,2,AM,18,18,15.420083,2794.594,10.411405171350145,14.318723105197344,35.22281034270029,1.4089124137080118,3.0,4.408912413708012,OK,0.34266851111111113,0.37261253333333333
2026-12-14,3,PM,11,12,14.394300000000001,2091.755,3.894969224276876,10.423292869638,16.589938448553752,0.6635975379421502,1.8333333333333333,2.4969308712754836,OK,0.31987333333333334,0.2789006666666667
2026-12-14,4,AM,16,16,14.634915,2182.52,7.352726777750477,16.253267269649964,27.505453555500956,1.1002181422200383,2.6666666666666665,3.766884808886705,OK,0.32522033333333333,0.2910026666666667
2026-12-14,5,PM,13,13,15.710904,2334.578,3.310104456305232,3.571692109400136,17.020208912610464,0.6808083565044185,2.1666666666666665,2.847475023171085,OK,0.3491312,0.31127706666666666
2026-12-14,6,PM,14,16,15.944958999999999,2340.528,3.9208945754411544,4.364748051781916,19.04178915088231,0.7616715660352924,2.3333333333333335,3.095004899368626,OK,0.3543324222222222,0.31207039999999997
2026-12-14,7,PM,9,9,12.535274,1903.213,5.012050558347169,5.391488480207241,17.22410111669434,0.6889640446677735,1.5,2.1889640446677734,OK,0.2785616444444444,0.25376173333333335
2026-12-14,8,PM,8,8,15.782545,2031.583,5.914731696705228,6.570325245536216,18.229463393410455,0.7291785357364182,1.3333333333333333,2.0625118690697515,OK,0.35072322222222224,0.27087773333333337
2026-12-14,9,AM,10,10,15.247978,2013.0870000000002,7.800048565366984,8.945416540210815,23.600097130733968,0.9440038852293587,1.6666666666666667,2.6106705518960256,OK,0.3388439555555556,0.26841160000000003
2026-12-14,10,AM,16,17,12.174738,1631.999,12.65194310355009,15.294832662831563,38.10388620710018,1.5241554482840072,2.6666666666666665,4.190822114950674,OK,0.2705497333333333,0.21759986666666667
2026-12-15,1,AM,14,15,13.505118,1935.145,7.000573201718275,10.751071530227652,25.201146403436553,1.0080458561374621,2.3333333333333335,3.3413791894707954,OK,0.3001137333333333,0.2580193333333333
2026-12-15,2,AM,9,9,13.297889,1801.373,12.185957350614256,13.835012998361089,31.57191470122851,1.2628765880491404,1.5,2.7628765880491404,OK,0.2955086444444444,0.24018306666666667
2026-12-15,3,AM,11,12,15.128763,2268.418,6.380974235150584,14.318723105197344,21.561948470301168,0.8624779388120467,1.8333333333333333,2.69581127214538,OK,0.33619473333333333,0.30245573333333337
2026-12-15,4,PM,11,11,15.241216,2056.513,4.885611329356594,12.055225619848734,18.57122265871319,0.7428489063485276,1.8333333333333333,2.5761822396818608,OK,0.3386936888888889,0.2742017333333333
2026-12-15,5,AM,13,13,15.954323,2271.566,8.372694013085805,14.05219664203353,27.14538802617161,1.0858155210468643,2.1666666666666665,3.2524821877135306,OK,0.3545405111111111,0.30287546666666665
2026-12-15,6,AM,15,15,15.535805,2250.187,2.9965582148565812,3.2978552223887925,17.99311642971316,0.7197246571885265,2.5,3.2197246571885265,OK,0.3452401111111111,0.3000249333333333
2026-12-15,7,PM,13,13,14.132428,2083.532,3.624596850886851,3.7486408741037023,17.649193701773704,0.7059677480709482,2.1666666666666665,2.8726344147376146,OK,0.3140539555555556,0.2778042666666667
2026-12-15,8,PM,9,11,15.701196,2225.495,4.2912553055679075,4.364748051781916,15.782510611135816,0.6313004244454327,1.5,2.1313004244454326,OK,0.3489154666666667,0.29673266666666664
2026-12-15,9,PM,10,10,12.856978,1727.742,5.278958086429258,5.7130584101092765,18.557916172858516,0.7423166469143406,1.6666666666666667,2.4089833135810075,OK,0.2857106222222222,0.2303656
2026-12-15,10,PM,9,11,14.688502,1986.981,6.819889149344943,7.340012934373101,20.839778298689886,0.8335911319475955,1.5,2.3335911319475953,OK,0.32641115555555555,0.2649308
2026-12-15,11,AM,13,14,14.853099,2222.464,10.595561413584429,16.26312095052242,31.59112282716886,1.2636449130867544,2.1666666666666665,3.430311579753421,OK,0.3300688666666667,0.2963285333333333
2026-12-16,1,PM,10,10,14.862942,1984.129,4.822159072007606,8.676363425919838,17.644318144015212,0.7057727257606085,1.6666666666666667,2.372439392427275,OK,0.3302876,0.26455053333333334
2026-12-16,2,AM,11,11,15.624460000000001,2088.6240000000003,10.320667884209278,12.125807971624502,29.441335768418558,1.1776534307367423,1.8333333333333333,3.0109867640700756,OK,0.34721022222222225,0.27848320000000004
2026-12-16,3,AM,13,13,14.773393,1944.884,11.293600594126845,14.318723105197344,32.98720118825369,1.3194880475301476,2.1666666666666665,3.486154714196814,OK,0.32829762222222225,0.2593178666666667
2026-12-16,4,PM,14,14,15.248925,2311.0139999999997,5.734637616986121,12.243596737710028,22.669275233972243,0.9067710093588898,2.3333333333333335,3.240104342692223,OK,0.33886499999999997,0.30813519999999994
2026-12-16,5,PM,14,14,15.54712,2339.14,3.9842848760641014,7.978864297170051,19.168569752128203,0.7667427900851281,2.3333333333333335,3.1000761234184617,OK,0.34549155555555555,0.3118853333333333
2026-12-16,6,AM,14,14,15.165288,2139.733,6.241772100707123,14.908904942878664,23.683544201414247,0.9473417680565699,2.3333333333333335,3.280675101389903,OK,0.3370064,0.28529773333333336
2026-12-16,7,PM,14,14,15.576906000000001,2198.267,3.4446614452137667,3.703290705950873,18.089322890427535,0.7235729156171015,2.3333333333333335,3.056906248950435,OK,0.3461534666666667,0.29310226666666667
2026-12-16,8,AM,20,20,13.534502999999999,2299.934,4.5575133088516475,5.483794875816612,25.115026617703293,1.0046010647081318,3.3333333333333335,4.337934398041465,OK,0.3007667333333333,0.30665786666666667
2026-12-16,9,PM,10,10,15.442271,2084.954,6.721038446644245,7.388969680379578,21.44207689328849,0.8576830757315396,1.6666666666666667,2.5243497423982064,OK,0.3431615777777778,0.2779938666666667
2026-12-16,10,AM,15,15,15.85745,2480.267,9.390283048161418,10.516355529353543,30.780566096322836,1.2312226438529135,2.5,3.7312226438529135,OK,0.3523877777777778,0.33070226666666663
2026-12-16,11,AM,15,15,15.552562,2463.617,13.380838173149563,15.739476821069069,38.761676346299126,1.550467053851965,2.5,4.050467053851965,OK,0.3456124888888889,0.3284822666666667
2026-12-16,12,PM,2,2,1.9912930000000002,221.004,17.061517917954113,17.281469847848694,35.72303583590823,1.4289214334363292,0.3333333333333333,1.7622547667696624,OK,0.04425095555555556,0.0294672
2026-12-17,1,AM,16,17,15.960723,2478.791,5.3986415682953135,9.293051113958011,23.597283136590626,0.9438913254636251,2.6666666666666665,3.6105579921302917,OK,0.35468273333333333,0.3305054666666667
2026-12-17,2,AM,12,12,13.358524,1864.079,12.431896133701123,14.318723105197344,34.46379226740225,1.37855169069609,2.0,3.37855169069609,OK,0.29685608888888887,0.24854386666666667
2026-12-17,3,PM,12,12,13.986132,2284.658,6.49361909342932,14.410134310235524,22.58723818685864,0.9034895274743456,2.0,2.9034895274743455,OK,0.3108029333333333,0.30462106666666666
2026-12-17,4,AM,14,14,15.972904,2320.14,4.14414170082718,11.423263867896816,19.48828340165436,0.7795313360661744,2.3333333333333335,3.112864669399508,OK,0.3549534222222222,0.30935199999999996
2026-12-17,5,AM,14,14,14.663588,2211.795,9.640177756162666,12.808441574442543,30.480355512325332,1.2192142204930132,2.3333333333333335,3.5525475538263467,OK,0.3258575111111111,0.294906
2026-12-17,6,PM,15,15,12.848748,1846.964,5.048912376323231,14.046704786335338,22.09782475264646,0.8839129901058584,2.5,3.383912990105858,OK,0.28552773333333337,0.24626186666666666
2026-12-17,7,PM,10,10,14.824886999999999,2072.612,3.355094674616428,3.571692109400136,14.710189349232856,0.5884075739693142,1.6666666666666667,2.255074240635981,OK,0.3294419333333333,0.2763482666666667
2026-12-17,8,PM,15,17,15.006444,2094.1059999999998,3.7569987307679953,4.100604951312047,19.51399746153599,0.7805598984614396,2.5,3.2805598984614397,OK,0.3334765333333333,0.2792141333333333
2026-12-17,9,PM,13,13,15.018284,2180.9790000000003,4.570962490002586,5.391488480207241,19.54192498000517,0.7816769992002068,2.1666666666666665,2.948343665866873,OK,0.3337396444444444,0.29079720000000003
2026-12-17,10,PM,13,13,14.980178,2485.562,5.6040657116397545,5.98217488386954,21.60813142327951,0.8643252569311803,2.1666666666666665,3.030991923597847,OK,0.33289284444444445,0.3314082666666667
2026-12-17,11,AM,14,14,15.938257,2380.392,8.225473468514464,9.845226404829814,27.650946937028927,1.106037877481157,2.3333333333333335,3.4393712108144907,OK,0.3541834888888889,0.3173856
2026-12-17,12,AM,14,15,12.553604,2002.213,13.453932741961196,16.677065959097323,38.107865483922396,1.524314619356896,2.3333333333333335,3.8576479526902294,OK,0.2789689777777778,0.26696173333333334
2026-12-18,1,PM,13,13,15.909824,2287.627,4.287972948571844,9.161127055267563,18.97594589714369,0.7590378358857476,2.1666666666666665,2.925704502552414,OK,0.3535516444444445,0.30501693333333335
2026-12-18,2,AM,22,22,15.646778,2561.859,10.1538978128779,14.318723105197344,37.9077956257558,1.516311825030232,3.6666666666666665,5.182978491696899,TENSO,0.3477061777777778,0.3415812
2026-12-18,3,AM,20,20,15.131596,2419.406,4.809719022494621,11.08624149616795,25.61943804498924,1.0247775217995696,3.3333333333333335,4.358110855132903,OK,0.3362576888888889,0.32258746666666666
2026-12-18,4,AM,16,16,15.85971,2206.43,6.714749512765515,8.529627919856038,26.22949902553103,1.0491799610212411,2.6666666666666665,3.715846627687908,OK,0.352438,0.29419066666666666
2026-12-18,5,AM,11,11,15.701587,2239.039,11.321571251325498,14.43470963473996,31.443142502650996,1.2577257001060398,1.8333333333333333,3.091059033439373,OK,0.34892415555555556,0.29853853333333336
2026-12-18,6,PM,9,9,11.101345,1517.862,4.319534410790228,14.69365842529526,15.839068821580454,0.6335627528632182,1.5,2.1335627528632184,OK,0.24669655555555556,0.20238160000000002
2026-12-18,7,PM,10,11,15.663577,2333.526,3.3297788008181426,3.560436990853332,14.659557601636285,0.5863823040654514,1.6666666666666667,2.2530489707321184,OK,0.3480794888888889,0.3111368
2026-12-18,8,PM,6,7,14.826288,2100.92,3.603523163710445,3.65777306650862,12.007046327420891,0.48028185309683563,1.0,1.4802818530968356,OK,0.32947306666666665,0.2801226666666667
2026-12-18,9,PM,13,13,15.913892,2278.678,3.7432209717910756,3.885151456741089,17.886441943582152,0.7154576777432861,2.1666666666666665,2.8821243444099527,OK,0.35364204444444447,0.3038237333333333
2026-12-18,10,PM,11,12,15.936156,2211.438,4.59240873580913,5.298721821322282,17.98481747161826,0.7193926988647305,1.8333333333333333,2.5527260321980636,OK,0.35413680000000003,0.2948584
2026-12-18,11,PM,13,13,13.983254,2047.1109999999999,6.843244411496081,7.43179381018239,24.086488822992163,0.9634595529196865,2.1666666666666665,3.1301262195863533,OK,0.3107389777777778,0.27294813333333334
2026-12-18,12,AM,12,13,15.549657,2209.598,8.913816742962272,9.652304854062864,27.427633485924545,1.0971053394369819,2.0,3.0971053394369816,OK,0.34554793333333333,0.29461306666666665
2026-12-18,13,AM,14,14,13.908684000000001,2136.003,11.842381186240095,14.063657128559306,34.88476237248019,1.3953904948992075,2.3333333333333335,3.728723828232541,OK,0.3090818666666667,0.2848004
2026-12-18,14,AM,7,7,9.772528,1407.638,14.526116821059507,15.780654687454604,34.652233642119015,1.3860893456847605,1.1666666666666667,2.552756012351427,OK,0.21716728888888887,0.18768506666666665
2026-12-19,1,PM,9,9,13.344753999999998,1930.854,3.6873792338135494,7.730600495220623,14.574758467627099,0.582990338705084,1.5,2.082990338705084,OK,0.29655008888888884,0.2574472
2026-12-19,2,PM,7,7,15.397644000000001,2080.781,8.764819702685816,9.440527120623091,23.129639405371634,0.9251855762148654,1.1666666666666667,2.091852242881532,OK,0.3421698666666667,0.27743746666666663
2026-12-19,3,AM,14,14,13.298142,1934.0410000000002,9.740263228683352,14.318723105197344,30.680526457366703,1.227221058294668,2.3333333333333335,3.560554391628002,OK,0.2955142666666667,0.25787213333333336
2026-12-19,4,AM,17,18,15.726061999999999,2228.277,5.140129167016459,11.978958641700142,23.88025833403292,0.9552103333613168,2.8333333333333335,3.7885436666946504,OK,0.3494680444444444,0.2971036
2026-12-19,5,PM,15,16,15.589245,2412.083,5.378179561602143,12.833132410912254,22.756359123204284,0.9102543649281714,2.5,3.4102543649281714,OK,0.3464276666666667,0.32161106666666667
2026-12-19,6,PM,18,18,15.986555000000001,2417.343,3.6969363563545112,4.323141098566908,21.793872712709025,0.871754908508361,3.0,3.871754908508361,OK,0.3552567777777778,0.3223124
2026-12-19,7,AM,19,19,15.997685,2452.852,4.832881744887342,5.483794875816612,24.865763489774686,0.9946305395909875,3.1666666666666665,4.161297206257654,OK,0.35550411111111113,0.3270469333333333
2026-12-19,8,AM,17,17,14.697794,2272.642,6.712489839485738,7.4299558470324305,27.024979678971476,1.0809991871588591,2.8333333333333335,3.9143325204921924,OK,0.32661764444444447,0.3030189333333333
2026-12-19,9,AM,14,14,14.004739,1943.173,9.822224170394325,11.34095625913535,30.844448340788652,1.2337779336315462,2.3333333333333335,3.5671112669648797,OK,0.31121642222222223,0.25908973333333335
2026-12-19,10,AM,7,8,15.610662000000001,2143.155,12.416545204036554,13.147553986028662,30.43309040807311,1.2173236163229244,1.1666666666666667,2.383990282989591,OK,0.34690360000000003,0.285754
2026-12-19,11,PM,5,5,4.700927,671.369,14.748140091450917,16.59919659701318,33.496280182901835,1.3398512073160733,0.8333333333333334,2.1731845406494066,OK,0.10446504444444445,0.08951586666666667
2026-12-20,1,AM,14,14,15.190609,2267.538,7.667701743444863,14.318723105197344,26.535403486889727,1.061416139475589,2.3333333333333335,3.3947494728089227,OK,0.33756908888888887,0.3023384
2026-12-20,2,PM,10,10,15.604709,2251.781,6.892686234548267,14.318723105197344,21.785372469096536,0.8714148987638615,1.6666666666666667,2.538081565430528,OK,0.3467713111111111,0.3002374666666667
2026-12-20,3,AM,15,16,15.065764,2164.887,5.590969116231076,12.542535626908302,23.18193823246215,0.9272775292984861,2.5,3.427277529298486,OK,0.33479475555555555,0.2886516
2026-12-20,4,AM,15,15,15.780859,2159.591,5.665470933698026,14.378620659295446,23.33094186739605,0.933237674695842,2.5,3.433237674695842,OK,0.35068575555555553,0.28794546666666665
2026-12-20,5,PM,11,11,13.181303,1931.697,3.4196626474232854,3.571692109400136,15.639325294846572,0.6255730117938628,1.8333333333333333,2.458906345127196,OK,0.29291784444444446,0.2575596
2026-12-20,6,PM,14,14,15.818090999999999,2233.151,3.8076008693866146,4.364748051781916,18.81520173877323,0.7526080695509292,2.3333333333333335,3.085941402884263,OK,0.35151313333333334,0.29775346666666663
2026-12-20,7,AM,16,16,14.944744,2403.689,6.344974509882996,9.3349485602927,25.489949019765994,1.0195979607906398,2.6666666666666665,3.686264627457306,OK,0.3321054222222222,0.3204918666666666
2026-12-20,8,AM,16,16,15.349206,2191.0899999999997,11.851411484968834,14.615086775031886,36.50282296993767,1.4601129187975068,2.6666666666666665,4.126779585464173,OK,0.3410934666666667,0.2921453333333333
2026-12-20,9,PM,1,2,2.282256,320.54200000000003,16.474092993855137,16.474092993855137,33.74818598771027,1.3499274395084109,0.16666666666666666,1.5165941061750776,OK,0.0507168,0.04273893333333334
2026-12-21,1,PM,17,17,14.685042000000001,2169.049,4.868637641300425,9.171125609996473,23.33727528260085,0.933491011304034,2.8333333333333335,3.7668243446373673,OK,0.3263342666666667,0.28920653333333335
2026-12-21,2,AM,10,10,14.209199,1918.442,12.99031623143326,14.318723105197344,33.980632462866524,1.359225298514661,1.6666666666666667,3.0258919651813274,OK,0.31575997777777776,0.25579226666666666
2026-12-21,3,AM,15,16,14.678065,2193.3360000000002,9.664592020136585,14.719834225071766,31.32918404027317,1.2531673616109267,2.5,3.7531673616109265,OK,0.32617922222222223,0.2924448
2026-12-21,4,AM,14,14,15.901306,2317.5370000000003,6.821149939527261,12.055225619848734,24.842299879054522,0.9936919951621809,2.3333333333333335,3.3270253284955142,OK,0.35336235555555556,0.30900493333333334
2026-12-21,5,PM,12,12,14.161992,1948.695,7.691888085414952,14.05219664203353,24.983776170829906,0.9993510468331962,2.0,2.9993510468331963,OK,0.31471093333333333,0.259826
2026-12-21,6,PM,12,12,15.626045999999999,2237.058,3.0730640229340795,3.164866207510601,15.746128045868161,0.6298451218347264,2.0,2.6298451218347263,OK,0.3472454666666666,0.2982744
2026-12-21,7,PM,14,14,15.792024,2441.768,3.5607249349690795,3.65777306650862,18.32144986993816,0.7328579947975264,2.3333333333333335,3.06619132813086,OK,0.35093386666666665,0.3255690666666667
2026-12-21,8,PM,12,12,15.41298,2178.696,3.8866449589249488,4.323141098566908,17.3732899178499,0.694931596713996,2.0,2.694931596713996,OK,0.34251066666666663,0.2904928
2026-12-21,9,PM,13,13,15.980891999999999,2433.014,4.7809705251238155,5.298721821322282,19.96194105024763,0.7984776420099052,2.1666666666666665,2.965144308676572,OK,0.3551309333333333,0.3244018666666667
2026-12-21,10,AM,17,17,15.665978,2203.135,6.856892187662065,8.662504646277053,27.313784375324133,1.0925513750129654,2.8333333333333335,3.925884708346299,OK,0.3481328444444445,0.29375133333333336
2026-12-21,11,AM,14,15,15.291922,2276.705,11.163654693607127,13.671057013532277,33.52730938721425,1.3410923754885702,2.3333333333333335,3.6744257088219037,OK,0.3398204888888889,0.30356066666666665
2026-12-21,12,AM,11,11,13.544115999999999,1983.501,14.987174990620822,16.574070546202755,38.77434998124164,1.5509739992496656,1.8333333333333333,3.384307332582999,OK,0.3009803555555555,0.2644668
2026-12-22,1,AM,20,20,14.916129,2383.857,9.239945224147316,12.602427496361845,34.47989044829463,1.3791956179317852,3.3333333333333335,4.712528951265119,TENSO,0.33146953333333334,0.3178476
2026-12-22,2,AM,12,13,15.649767,2475.155,11.517165110982766,14.318723105197344,32.634330221965534,1.3053732088786214,2.0,3.3053732088786214,OK,0.3477726,0.3300206666666667
2026-12-22,3,PM,10,10,12.033434,1641.112,5.667793363342456,12.713833582764629,19.335586726684912,0.7734234690673965,1.6666666666666667,2.440090135734063,OK,0.2674096444444444,0.21881493333333335
2026-12-22,4,PM,6,7,15.461813,2032.489,2.5727643078793814,5.912522132047328,9.945528615758764,0.39782114463035056,1.0,1.3978211446303506,OK,0.3435958444444444,0.27099853333333335
2026-12-22,5,AM,10,10,15.794757,2262.885,9.88793795278367,14.242269800856572,27.77587590556734,1.1110350362226935,1.6666666666666667,2.7777017028893605,OK,0.3509946,0.30171800000000004
2026-12-22,6,PM,14,14,15.996970000000001,2248.516,2.9075392480494484,3.164866207510601,17.015078496098898,0.6806031398439559,2.3333333333333335,3.0139364731772895,OK,0.35548822222222226,0.29980213333333333
2026-12-22,7,PM,17,17,15.80935,2210.734,3.7533190961458525,4.323141098566908,21.106638192291705,0.8442655276916682,2.8333333333333335,3.6775988610250017,OK,0.3513188888888889,0.2947645333333333
2026-12-22,8,AM,17,17,14.719374,2308.255,6.263609155346275,8.847649228497371,26.12721831069255,1.045088732427702,2.8333333333333335,3.8784220657610353,OK,0.3270972,0.30776733333333334
2026-12-22,9,AM,16,16,11.106722000000001,1664.301,12.410238041872503,16.39342272540703,37.620476083745004,1.5048190433498,2.6666666666666665,4.171485710016467,OK,0.24681604444444447,0.2219068
2026-12-23,1,AM,18,18,15.926009,2487.806,8.86379318521598,13.409539560602376,32.12758637043196,1.2851034548172786,3.0,4.285103454817278,OK,0.3539113111111111,0.3317074666666667
2026-12-23,2,AM,17,17,15.242417,2249.3559999999998,8.034558866360426,14.285050065274977,29.669117732720853,1.186764709308834,2.8333333333333335,4.020098042642168,OK,0.33872037777777775,0.2999141333333333
2026-12-23,3,PM,16,17,14.327875,2397.788,7.965544132231687,13.458315335454753,28.731088264463374,1.149243530578535,2.6666666666666665,3.815910197245201,OK,0.3183972222222222,0.31970506666666665
2026-12-23,4,PM,15,15,15.794973,2540.968,5.131559268801994,17.347615200182428,22.263118537603987,0.8905247415041595,2.5,3.3905247415041595,OK,0.3509994,0.3387957333333333
2026-12-23,5,PM,15,16,15.377391000000001,2226.084,3.3575160590507656,3.703290705950873,18.715032118101533,0.7486012847240613,2.5,3.248601284724061,OK,0.3417198,0.2968112
2026-12-23,6,AM,21,22,15.147344,2403.01,4.963305795388671,5.98217488386954,26.726611590777342,1.0690644636310938,3.5,4.5690644636310935,TENSO,0.33660764444444446,0.32040133333333337
2026-12-23,7,PM,16,16,14.645122,2265.701,7.612282624943588,10.685148548873691,28.024565249887175,1.120982609995487,2.6666666666666665,3.7876492766621537,OK,0.3254471555555556,0.30209346666666664
2026-12-23,8,AM,14,14,12.64165,1940.881,13.065793454860223,16.640326793849145,37.33158690972045,1.493263476388818,2.3333333333333335,3.8265968097221514,OK,0.28092555555555554,0.25878413333333333
2026-12-24,1,AM,13,14,15.588919,2428.509,8.087080744194466,13.80998432855826,26.57416148838893,1.0629664595355572,2.1666666666666665,3.2296331262022235,OK,0.34642042222222225,0.3238012
2026-12-24,2,AM,13,13,15.681478,2146.594,7.223253280084382,14.318723105197344,24.846506560168763,0.9938602624067505,2.1666666666666665,3.1605269290734173,OK,0.3484772888888889,0.28621253333333335
2026-12-24,3,PM,8,8,15.892949999999999,2111.1440000000002,6.7317510845685105,10.56626438083136,19.86350216913702,0.7945400867654808,1.3333333333333333,2.127873420098814,OK,0.35317666666666664,0.2814858666666667
2026-12-24,4,AM,16,18,13.940947999999999,2017.5770000000002,6.23983031756198,13.947288963232458,25.27966063512396,1.0111864254049585,2.6666666666666665,3.677853092071625,OK,0.30979884444444444,0.2690102666666667
2026-12-24,5,PM,10,10,15.881234,2037.471,3.7559418974147265,4.323141098566908,15.511883794829453,0.6204753517931781,1.6666666666666667,2.287142018459845,OK,0.3529163111111111,0.2716628
2026-12-24,6,PM,14,14,15.382359999999998,2052.818,4.93855282145762,5.659342760676859,21.077105642915242,0.8430842257166097,2.3333333333333335,3.176417559049943,OK,0.3418302222222222,0.27370906666666667
2026-12-24,7,AM,13,14,15.713886,2294.4230000000002,8.151041826941048,14.17700515083564,26.7020836538821,1.0680833461552839,2.1666666666666665,3.2347500128219506,OK,0.3491974666666667,0.3059230666666667
2026-12-24,8,PM,2,2,1.6315179999999998,236.736,15.611496941405951,15.611496941405951,32.8229938828119,1.312919755312476,0.3333333333333333,1.6462530886458093,OK,0.03625595555555555,0.0315648
2026-12-25,1,AM,18,18,15.879542,2253.921,6.880510023048355,11.26454184734968,28.16102004609671,1.1264408018438683,3.0,4.126440801843868,OK,0.35287871111111113,0.3005228
2026-12-25,2,AM,17,17,15.703617000000001,2298.753,11.679586615862734,14.318723105197344,36.95917323172547,1.478366929269019,2.8333333333333335,4.311700262602352,OK,0.3489692666666667,0.3065004
2026-12-25,3,PM,11,12,14.979307,2334.305,4.885440355955426,9.60771200111772,18.570880711910853,0.7428352284764341,1.8333333333333333,2.5761685618097676,OK,0.3328734888888889,0.31124066666666667
2026-12-25,4,AM,17,17,15.914924,2253.578,5.94091757980612,9.510786242868484,25.481835159612242,1.0192734063844897,2.8333333333333335,3.852606739717823,OK,0.3536649777777778,0.3004770666666667
2026-12-25,5,AM,8,8,15.042276000000001,1948.58,11.685813201135854,13.35140621078182,29.771626402271707,1.1908650560908682,1.3333333333333333,2.5241983894242015,OK,0.33427280000000004,0.25981066666666663
2026-12-25,6,PM,6,7,13.43622,1840.6340000000002,4.116679042033864,14.523262922181557,13.033358084067729,0.5213343233627091,1.0,1.521334323362709,OK,0.29858266666666666,0.2454178666666667
2026-12-25,7,PM,11,13,15.437892999999999,2108.322,2.9092876726313106,3.1466191490026816,14.618575345262622,0.5847430138105049,1.8333333333333333,2.4180763471438382,OK,0.34306428888888885,0.2811096
2026-12-25,8,PM,10,10,15.386085000000001,1907.6039999999998,3.6020068833754735,3.7486408741037023,15.204013766750947,0.6081605506700378,1.6666666666666667,2.2748272173367043,OK,0.341913,0.2543472
2026-12-25,9,AM,16,16,15.355663,2151.7780000000002,4.697308040948002,5.7130584101092765,22.194616081896005,0.8877846432758402,2.6666666666666665,3.5544513099425066,OK,0.34123695555555555,0.28690373333333336
2026-12-25,10,PM,9,9,10.343979000000001,1486.897,7.030365467683802,8.278736208216591,21.260730935367604,0.8504292374147042,1.5,2.350429237414704,OK,0.22986620000000002,0.19825293333333333
2026-12-25,11,PM,5,5,14.145876,2015.535,9.197500396413027,9.4835136573317,22.395000792826053,0.8958000317130421,0.8333333333333334,1.7291333650463754,OK,0.3143528,0.26873800000000003
2026-12-25,12,AM,13,14,14.272164,2102.549,12.569716824136519,16.474092993855137,35.53943364827304,1.4215773459309216,2.1666666666666665,3.5882440125975883,OK,0.3171592,0.28033986666666666
2026-12-26,1,PM,11,11,15.759808,2385.751,2.9935799779509917,5.764451373489934,14.787159955901984,0.5914863982360794,1.8333333333333333,2.4248197315694124,OK,0.35021795555555557,0.31810013333333337
2026-12-26,2,AM,19,19,14.670473,2336.282,11.305858685242942,14.318723105197344,37.81171737048589,1.5124686948194355,3.1666666666666665,4.679135361486102,TENSO,0.3260105111111111,0.3115042666666667
2026-12-26,3,AM,17,19,15.734796,2499.325,7.829391060962746,14.568217169951131,29.258782121925492,1.1703512848770197,2.8333333333333335,4.003684618210353,OK,0.3496621333333333,0.33324333333333334
2026-12-26,4,AM,16,17,15.578037,2374.027,9.791823459930576,14.491881504280888,32.38364691986115,1.295345876794446,2.6666666666666665,3.962012543461112,OK,0.3461786,0.3165369333333333
2026-12-26,5,PM,13,13,15.161522,2078.914,2.6557638410867628,3.104696628351146,15.711527682173525,0.628461107286941,2.1666666666666665,2.795127773953608,OK,0.3369227111111111,0.2771885333333334
2026-12-26,6,PM,15,15,14.58616,2124.897,3.2084774065487607,3.560436990853332,18.416954813097522,0.7366781925239009,2.5,3.2366781925239008,OK,0.32413688888888886,0.2833196
2026-12-26,7,PM,16,16,15.565038,2346.797,3.6400367539469056,3.7486408741037023,20.08007350789381,0.8032029403157525,2.6666666666666665,3.469869606982419,OK,0.34588973333333334,0.31290626666666665
2026-12-26,8,PM,11,11,15.378593,2141.348,4.01355979006107,4.364748051781916,16.82711958012214,0.6730847832048856,1.8333333333333333,2.506418116538219,OK,0.3417465111111111,0.28551306666666665
2026-12-26,9,AM,16,17,15.454595000000001,2239.301,5.576492427461654,7.042102002091101,23.952984854923308,0.9581193941969324,2.6666666666666665,3.624786060863599,OK,0.34343544444444446,0.2985734666666667
2026-12-26,10,AM,11,12,15.356909,2260.758,7.972842895785351,9.530974541079855,24.7456857915707,0.989827431662828,1.8333333333333333,2.823160764996161,OK,0.34126464444444443,0.3014344
2026-12-26,11,AM,12,12,15.506632999999999,2090.484,11.327070606915882,12.834245417451218,32.254141213831765,1.2901656485532706,2.0,3.2901656485532706,OK,0.3445918444444444,0.2787312
2026-12-26,12,PM,7,7,7.257655,974.3670000000001,14.604472404222593,16.326264557619446,34.80894480844518,1.3923577923378074,1.1666666666666667,2.5590244590044744,OK,0.16128122222222221,0.12991560000000002
2026-12-27,1,AM,16,16,15.992521,2512.984,8.471513545731735,13.613343257647918,29.74302709146347,1.1897210836585388,2.6666666666666665,3.8563877503252053,OK,0.35538935555555556,0.3350645333333333
2026-12-27,2,PM,9,9,12.709042,1749.6940000000002,7.936946936990491,14.318723105197344,23.073893873980982,0.9229557549592393,1.5,2.422955754959239,OK,0.2824231555555556,0.23329253333333336
2026-12-27,3,PM,8,8,14.880714,2066.927,5.658261175082554,12.055225619848734,17.716522350165107,0.7086608940066043,1.3333333333333333,2.0419942273399374,OK,0.3306825333333333,0.2755902666666667
2026-12-27,4,AM,16,16,15.967558,2567.335,5.198666902331368,10.217489648404689,23.197333804662737,0.9278933521865095,2.6666666666666665,3.594560018853176,OK,0.35483462222222223,0.34231133333333336
2026-12-27,5,AM,16,16,15.027039,2431.568,8.772654553721805,18.90270545018825,30.34530910744361,1.2138123642977445,2.6666666666666665,3.880479030964411,OK,0.3339342,0.3242090666666667
2026-12-27,6,PM,15,15,15.527215,2339.599,3.1462586580250345,3.560436990853332,18.29251731605007,0.7317006926420028,2.5,3.231700692642003,OK,0.34504922222222223,0.31194653333333333
2026-12-27,7,AM,18,19,15.773842,2447.512,3.781862271248051,4.364748051781916,21.963724542496102,0.8785489816998441,3.0,3.878548981699844,OK,0.35052982222222223,0.32633493333333335
2026-12-27,8,PM,14,14,14.537968000000001,2250.8160000000003,5.06512969202125,5.7130584101092765,21.3302593840425,0.8532103753617,2.3333333333333335,3.1865437086950337,OK,0.32306595555555556,0.3001088
2026-12-27,9,AM,12,13,14.528306,2027.085,7.947186853069936,9.606123034089874,25.494373706139875,1.019774948245595,2.0,3.019774948245595,OK,0.32285124444444446,0.270278
2026-12-27,10,AM,13,13,15.152296,2235.735,11.329180498741692,13.101683444096055,33.05836099748338,1.3223344398993353,2.1666666666666665,3.489001106566002,OK,0.33671768888888887,0.29809800000000003
2026-12-27,11,PM,7,7,5.004282,799.446,14.75763392932872,16.677065959097323,35.11526785865744,1.4046107143462976,1.1666666666666667,2.5712773810129645,OK,0.11120626666666666,0.1065928
2026-12-28,1,AM,14,14,15.454627,2479.484,7.172749950659479,10.858804139827706,25.54549990131896,1.0218199960527583,2.3333333333333335,3.355153329386092,OK,0.34343615555555557,0.33059786666666663
2026-12-28,2,AM,20,20,15.878535,2439.735,8.14438793235323,14.14302332605803,32.28877586470646,1.2915510345882584,3.3333333333333335,4.624884367921592,TENSO,0.3528563333333333,0.32529800000000003
2026-12-28,3,AM,15,15,15.642221,2338.022,6.0257521731022505,11.978958641700142,24.051504346204503,0.9620601738481801,2.5,3.46206017384818,OK,0.3476049111111111,0.31173626666666665
2026-12-28,4,AM,14,14,13.879929,1928.487,9.633544192300393,16.253267269649964,30.467088384600785,1.2186835353840315,2.3333333333333335,3.5520168687173648,OK,0.3084428666666667,0.2571316
2026-12-28,5,PM,17,17,15.512471999999999,2241.213,3.028602091488118,3.560436990853332,19.657204182976237,0.7862881673190495,2.8333333333333335,3.619621500652383,OK,0.34472159999999996,0.29882840000000005
2026-12-28,6,PM,15,17,15.619627999999999,2226.36,3.749592507487515,4.364748051781916,19.49918501497503,0.7799674005990012,2.5,3.279967400599001,OK,0.3471028444444444,0.296848
2026-12-28,7,PM,14,14,14.448566,2181.279,4.855770684113324,5.391488480207241,20.91154136822665,0.836461654729066,2.3333333333333335,3.1697949880623995,OK,0.3210792444444444,0.2908372
2026-12-28,8,PM,11,11,14.145039,2071.561,6.212092879616958,7.340012934373101,21.22418575923392,0.8489674303693567,1.8333333333333333,2.68230076370269,OK,0.3143342,0.2762081333333333
2026-12-28,9,AM,12,12,15.873655,2432.735,8.996581219852334,10.772832218361708,27.59316243970467,1.1037264975881869,2.0,3.1037264975881866,OK,0.35274788888888886,0.3243646666666667
2026-12-28,10,AM,17,17,15.911491,2218.564,13.393832496014891,16.510874666375695,40.387664992029784,1.6155065996811913,2.8333333333333335,4.448839933014525,OK,0.3535886888888889,0.2958085333333333
2026-12-28,11,PM,1,1,0.3808789999999999,59.002,16.841565988059536,16.841565988059536,34.48313197611907,1.3793252790447628,0.16666666666666666,1.5459919457114295,OK,0.008463977777777775,0.007866933333333334
2026-12-29,1,PM,11,11,14.522824,2269.61,3.395675986770613,8.107559713689984,15.591351973541226,0.623654078941649,1.8333333333333333,2.4569874122749824,OK,0.32272942222222223,0.3026146666666667
2026-12-29,2,AM,11,11,15.935071,2272.865,11.173059857334668,14.318723105197344,31.146119714669336,1.2458447885867734,1.8333333333333333,3.0791781219201066,OK,0.3541126888888889,0.30304866666666663
2026-12-29,3,AM,15,15,15.283272,2332.675,6.752748660549091,14.568217169951131,25.505497321098183,1.0202198928439272,2.5,3.5202198928439272,OK,0.3396282666666667,0.3110233333333334
2026-12-29,4,AM,17,17,15.048680000000001,2183.327,8.848905904928069,14.00069553569059,31.29781180985614,1.2519124723942456,2.8333333333333335,4.085245805727579,OK,0.3344151111111111,0.2911102666666667
2026-12-29,5,PM,13,13,14.897133,2268.6440000000002,2.8931763134975492,3.164866207510601,16.1863526269951,0.6474541050798039,2.1666666666666665,2.8141207717464702,OK,0.3310474,0.3024858666666667
2026-12-29,6,PM,17,18,15.381743,2384.983,3.645186918328759,3.764203992808543,20.89037383665752,0.8356149534663008,2.8333333333333335,3.668948286799634,OK,0.3418165111111111,0.31799773333333337
2026-12-29,7,AM,17,17,14.666976,2313.725,4.869798316050627,6.147706978805655,23.339596632101255,0.9335838652840502,2.8333333333333335,3.7669171986173837,OK,0.3259328,0.30849666666666664
2026-12-29,8,PM,8,8,15.50784,2097.617,7.327642388629907,7.84266427801248,21.055284777259814,0.8422113910903926,1.3333333333333333,2.175544724423726,OK,0.3446186666666667,0.2796822666666667
2026-12-29,9,AM,12,12,9.407296,1537.916,13.057896315118724,16.12437257741338,35.715792630237445,1.428631705209498,2.0,3.428631705209498,OK,0.20905102222222224,0.20505546666666666
2026-12-30,1,AM,16,16,15.545246,2276.256,6.8750637476942895,10.411115880567726,26.55012749538858,1.0620050998155433,2.6666666666666665,3.7286717664822095,OK,0.3454499111111111,0.30350079999999996
2026-12-30,2,AM,14,15,15.387062,2087.646,9.676684849424785,14.698803023270017,30.553369698849572,1.2221347879539828,2.3333333333333335,3.5554681212873165,OK,0.3419347111111111,0.2783528
2026-12-30,3,PM,13,14,15.343392,2129.888,4.776869564056067,12.055225619848734,19.953739128112133,0.7981495651244853,2.1666666666666665,2.964816231791152,OK,0.3409642666666667,0.2839850666666667
2026-12-30,4,PM,13,13,14.442831,2067.373,6.2010713293508735,13.46679829725188,22.802142658701747,0.9120857063480698,2.1666666666666665,3.078752373014736,OK,0.3209518,0.2756497333333333
2026-12-30,5,AM,23,23,15.680058,2426.43,3.431994260879179,3.834868400801952,25.26398852175836,1.0105595408703345,3.8333333333333335,4.843892874203668,TENSO,0.34844573333333334,0.323524
2026-12-30,6,PM,16,16,14.446583,2259.443,5.259896519971698,5.98217488386954,23.3197930399434,0.9327917215977359,2.6666666666666665,3.5994583882644022,OK,0.3210351777777778,0.3012590666666667
2026-12-30,7,PM,11,11,15.841037,2243.071,7.118789891937748,9.198095848371135,23.037579783875497,0.9215031913550199,1.8333333333333333,2.7548365246883533,OK,0.35202304444444443,0.2990761333333333
2026-12-30,8,AM,13,13,15.208465,2205.701,12.88690230277692,14.574338325274768,36.17380460555384,1.4469521842221535,2.1666666666666665,3.61361885088882,OK,0.3379658888888889,0.2940934666666667
2026-12-31,1,AM,12,13,14.653798,2293.91,7.275204918709093,12.853899058092932,24.150409837418188,0.9660163934967275,2.0,2.9660163934967274,OK,0.3256399555555556,0.30585466666666666
2026-12-31,2,PM,13,13,12.469664999999999,1839.653,8.02259438321832,14.318723105197344,26.445188766436644,1.0578075506574658,2.1666666666666665,3.2244742173241323,OK,0.27710366666666664,0.24528706666666666
2026-12-31,3,AM,16,18,15.776624,2170.582,5.964587116055179,13.58953421333838,24.72917423211036,0.9891669692844144,2.6666666666666665,3.655833635951081,OK,0.35059164444444446,0.28941093333333334
2026-12-31,4,PM,16,16,15.515518,2374.579,3.211692050419445,3.65777306650862,19.223384100838892,0.7689353640335557,2.6666666666666665,3.435602030700222,OK,0.3447892888888889,0.31661053333333333
2026-12-31,5,PM,14,14,15.817146000000001,2186.468,3.9754662031998254,4.364748051781916,19.15093240639965,0.766037296255986,2.3333333333333335,3.0993706295893197,OK,0.35149213333333335,0.29152906666666667
2026-12-31,6,AM,15,15,15.239306000000001,2152.75,5.292356986934339,5.98217488386954,22.58471397386868,0.9033885589547472,2.5,3.403388558954747,OK,0.33865124444444444,0.2870333333333333
2026-12-31,7,AM,19,19,15.717891,2488.5480000000002,10.68474682056936,14.899083172972327,36.56949364113872,1.462779745645549,3.1666666666666665,4.629446412312215,TENSO,0.3492864666666667,0.33180640000000006
2026-12-31,8,PM,2,2,1.060593,199.29000000000002,15.99702835546608,16.213402023477556,33.59405671093216,1.3437622684372863,0.3333333333333333,1.6770956017706196,OK,0.02356873333333333,0.026572000000000002
2027-01-01,1,AM,10,11,15.888968,2062.474,6.875941017126263,9.62383039107737,21.751882034252525,0.8700752813701009,1.6666666666666667,2.5367419480367674,OK,0.3530881777777778,0.27499653333333335
2027-01-01,2,AM,12,12,12.175519000000001,1672.916,10.130841784290423,14.318723105197344,29.861683568580847,1.194467342743234,2.0,3.194467342743234,OK,0.2705670888888889,0.22305546666666665
2027-01-01,3,PM,9,10,14.807902,2070.423,5.403546109258006,7.962272810867986,18.00709221851601,0.7202836887406404,1.5,2.2202836887406403,OK,0.3290644888888889,0.2760564
2027-01-01,4,AM,18,20,15.620407,2487.077,6.001901989297694,14.69365842529526,26.403803978595388,1.0561521591438154,3.0,4.056152159143815,OK,0.34712015555555553,0.3316102666666667
2027-01-01,5,PM,14,16,15.168121,2273.957,3.393705501043704,3.65777306650862,17.98741100208741,0.7194964400834963,2.3333333333333335,3.0528297734168297,OK,0.33706935555555556,0.30319426666666666
2027-01-01,6,PM,13,14,15.9674,2332.227,4.0115601460477075,5.298721821322282,18.423120292095415,0.7369248116838166,2.1666666666666665,2.9035914783504833,OK,0.3548311111111111,0.3109636
2027-01-01,7,AM,19,19,15.814729,2414.246,7.489466292457197,11.34095625913535,30.178932584914396,1.207157303396576,3.1666666666666665,4.373823970063242,OK,0.3514384222222222,0.3218994666666667
2027-01-01,8,PM,6,6,7.930686,1135.02,13.155574512205712,14.17700515083564,31.111149024411425,1.244445960976457,1.0,2.2444459609764573,OK,0.17623746666666665,0.151336
2027-01-02,1,AM,17,17,15.169258000000001,2330.588,6.86425666815408,12.46759958834842,27.328513336308163,1.0931405334523265,2.8333333333333335,3.92647386678566,OK,0.33709462222222225,0.3107450666666667
2027-01-02,2,PM,14,14,15.072334,2293.662,6.5594822982450145,13.80998432855826,24.31896459649003,0.9727585838596012,2.3333333333333335,3.306091917192935,OK,0.3349407555555555,0.30582159999999997
2027-01-02,3,AM,18,18,15.172409,2467.578,7.3357603312787365,11.08624149616795,29.071520662557475,1.162860826502299,3.0,4.162860826502299,OK,0.33716464444444444,0.3290104
2027-01-02,4,PM,14,14,15.657899,2449.2599999999998,4.083390527004306,13.436186673587931,19.366781054008612,0.7746712421603444,2.3333333333333335,3.108004575493678,OK,0.3479533111111111,0.32656799999999997
2027-01-02,5,AM,20,20,15.428056,2370.875,3.3563554681506114,3.65777306650862,22.71271093630122,0.9085084374520488,3.3333333333333335,4.241841770785382,OK,0.3428456888888889,0.31611666666666666
2027-01-02,6,PM,18,18,15.394347,2186.327,4.435828453899008,5.391488480207241,23.271656907798018,0.9308662763119208,3.0,3.930866276311921,OK,0.3420966,0.2915102666666667
2027-01-02,7,AM,16,17,15.706484,2381.875,8.717024613694013,12.187857742147228,30.234049227388027,1.209361969095521,2.6666666666666665,3.8760286357621876,OK,0.34903297777777775,0.31758333333333333
2027-01-02,8,PM,11,11,7.14787,1129.565,14.17886650629619,16.474092993855137,37.15773301259238,1.4863093205036952,1.8333333333333333,3.3196426538370285,OK,0.15884155555555557,0.15060866666666667
2027-01-03,1,AM,14,14,15.845210999999999,2433.007,7.703666454768336,13.80998432855826,26.607332909536673,1.064293316381467,2.3333333333333335,3.3976266497148004,OK,0.3521158,0.32440093333333336
2027-01-03,2,AM,14,14,14.434654,2067.734,5.260965081462984,12.106628304518289,21.72193016292597,0.8688772065170387,2.3333333333333335,3.2022105398503724,OK,0.3207700888888889,0.2756978666666667
2027-01-03,3,PM,8,8,15.074667,2071.006,2.936671355160188,3.560436990853332,12.273342710320376,0.49093370841281503,1.3333333333333333,1.8242670417461482,OK,0.3349926,0.2761341333333333
2027-01-03,4,PM,12,12,10.391968,1711.41,3.6569677638487867,3.7486408741037023,16.913935527697575,0.676557421107903,2.0,2.676557421107903,OK,0.23093262222222222,0.228188
2027-01-03,5,PM,11,11,13.664783,1881.314,5.313628251265413,7.340012934373101,19.427256502530827,0.777090260101233,1.8333333333333333,2.6104235934345663,OK,0.30366184444444444,0.2508418666666667
2027-01-03,6,AM,9,9,12.568179,1745.609,9.336990739119065,13.047222157979082,25.87398147823813,1.0349592591295251,1.5,2.534959259129525,OK,0.2792928666666667,0.23274786666666666
2027-01-04,1,AM,12,12,15.90526,2211.877,6.055971976867364,14.318723105197344,21.711943953734732,0.8684777581493893,2.0,2.8684777581493894,OK,0.3534502222222222,0.29491693333333335
2027-01-04,2,PM,10,10,15.149948,2090.511,5.633752527201023,13.655771989189564,19.267505054402044,0.7707002021760817,1.6666666666666667,2.4373668688427483,OK,0.3366655111111111,0.2787348
2027-01-04,3,AM,19,19,15.240310000000001,2312.48,7.912767169113477,16.574070546202755,31.025534338226954,1.2410213735290783,3.1666666666666665,4.407688040195745,OK,0.33867355555555556,0.30833066666666664
2027-01-05,1,AM,4,4,6.738347,1045.815,5.700443471385266,9.958353825279248,14.600886942770533,0.5840354777108213,0.6666666666666666,1.250702144377488,OK,0.14974104444444444,0.139442
